Type,Name,Request Count,Failure Count,Median Response Time,Average Response Time,Min Response Time,Max Response Time,Average Content Size,Requests/s,Failures/s,50%,66%,75%,80%,90%,95%,98%,99%,99.9%,99.99%,100%
GET,/get_data/1,82,0,5,5.7567441219595,2.6511010000831448,23.457987000256253,69.0,0.1365122385442615,0.0,5,6,6,7,8,8,18,23,23,23,23
GET,/get_data/10,120,0,5,6.493877099990186,2.837912999893888,34.56095000001369,100.0,0.19977400762574854,0.0,5,6,6,7,9,11,27,28,35,35,35
GET,/get_data/100,82,15,5,5.990921219530187,3.10664300013741,38.85285200067301,90.1219512195122,0.1365122385442615,0.024971750953218567,5,6,6,7,8,8,14,39,39,39,39
GET,/get_data/101,79,9,5,6.4660717088245985,2.9720140000790707,29.72439299992402,92.9620253164557,0.1315178883536178,0.01498305057193114,5,6,6,7,10,17,21,30,30,30,30
GET,/get_data/102,82,4,5,6.913599548802378,3.069016000154079,65.06127099964942,96.41463414634147,0.1365122385442615,0.006659133587524952,5,6,7,7,10,13,27,65,65,65,65
GET,/get_data/103,96,10,5,6.733262125024453,2.8399439997883746,44.32490700037306,93.47916666666667,0.15981920610059883,0.01664783396881238,5,6,7,7,9,17,29,44,44,44,44
GET,/get_data/104,68,9,5,5.986517941176531,3.0771490000915946,26.336378999985754,92.8529411764706,0.11320527098792417,0.01498305057193114,6,6,7,7,8,9,17,26,26,26,26
GET,/get_data/105,83,10,5,6.207397240967725,2.966599000046699,37.05359900004623,94.37349397590361,0.13817702194114273,0.01664783396881238,5,6,7,7,8,10,26,37,37,37,37
GET,/get_data/106,87,17,5,5.874891517233381,3.1041350002851686,16.671772999870882,90.25287356321839,0.1448361555286677,0.028301317746981042,5,6,6,7,9,10,15,17,17,17,17
GET,/get_data/107,72,12,6,6.902368111114912,3.084400999796344,35.86262299995724,91.0,0.11986440457544913,0.019977400762574853,6,6,7,8,9,12,34,36,36,36,36
GET,/get_data/108,91,10,5,6.427633340645915,3.0189010003596195,34.09845999976824,94.95604395604396,0.15149528911619264,0.01664783396881238,5,6,6,7,10,16,33,34,34,34,34
GET,/get_data/109,75,7,5,6.085866360002304,3.026920000138489,21.837397000126657,94.96,0.12485875476609284,0.011653483778168664,5,6,7,7,9,11,18,22,22,22,22
GET,/get_data/11,105,0,5,5.911988333324795,3.133803999844531,18.133954999939306,99.0,0.17480225667252997,0.0,5,6,6,7,8,10,11,14,18,18,18
GET,/get_data/110,85,12,5,6.377490800022154,2.463160999923275,24.85915000033856,92.37647058823529,0.1415065887349052,0.019977400762574853,5,6,7,7,9,13,21,25,25,25,25
GET,/get_data/111,59,13,5,6.207630457654084,3.1248400000549736,48.680200000490004,88.88135593220339,0.09822222041599303,0.021642184159456093,5,6,7,7,8,9,11,49,49,49,49
GET,/get_data/112,84,10,5,5.654504130948875,2.986372000123083,23.530325000137964,93.57142857142857,0.13984180533802398,0.01664783396881238,5,6,6,6,7,10,12,24,24,24,24
GET,/get_data/113,80,7,5,5.792279787482357,2.639899999849149,12.329744000453502,95.275,0.13318267175049903,0.011653483778168664,5,6,7,7,9,11,12,12,12,12,12
GET,/get_data/114,82,11,5,6.505023390240595,2.4702000000615953,62.82386699967901,93.6219512195122,0.1365122385442615,0.018312617365693618,5,6,7,7,8,9,21,63,63,63,63
GET,/get_data/115,77,15,5,6.417503207806228,2.87963300024785,22.314127999834454,90.28571428571429,0.12818832155985532,0.024971750953218567,5,6,7,8,10,16,22,22,22,22,22
GET,/get_data/116,69,7,5,5.188000565241332,3.006497999649582,9.516314999928,95.42028985507247,0.11487005438480541,0.011653483778168664,5,6,6,6,7,8,9,10,10,10,10
GET,/get_data/117,72,13,5,6.182209958341092,3.120588999991014,31.37352700014162,88.61111111111111,0.11986440457544913,0.021642184159456093,5,6,7,7,8,11,24,31,31,31,31
GET,/get_data/118,71,8,5,5.957740563349995,2.9747130001851474,18.47721800004365,93.91549295774648,0.11819962117856789,0.013318267175049903,5,6,6,7,8,13,17,18,18,18,18
GET,/get_data/119,64,8,5,7.086803218733451,2.8760840000359167,34.376819000044634,92.375,0.10654613740039923,0.013318267175049903,5,6,7,8,9,20,34,34,34,34,34
GET,/get_data/12,98,0,5,5.945965224513277,3.1069380002008984,28.16205399994942,98.0,0.1631487728943613,0.0,5,6,6,7,8,12,17,28,28,28,28
GET,/get_data/120,76,14,5,7.304101328929248,2.8984679997847707,38.09642999976859,90.05263157894737,0.12652353816297407,0.023306967556337328,5,7,8,9,12,21,26,38,38,38,38
GET,/get_data/121,75,10,5,6.203301759990912,2.8989409993300796,32.15105500021309,91.93333333333334,0.12485875476609284,0.01664783396881238,5,6,7,7,8,12,23,32,32,32,32
GET,/get_data/122,77,12,6,6.103686415596488,3.061375000015687,21.46497299963812,92.42857142857143,0.12818832155985532,0.019977400762574853,6,6,7,7,9,12,13,21,21,21,21
GET,/get_data/123,80,13,5,6.929243362503712,2.909951999754412,64.71487599992543,91.225,0.13318267175049903,0.021642184159456093,5,6,6,7,11,20,29,65,65,65,65
GET,/get_data/124,62,7,6,6.670932274192315,2.974445999825548,41.50049000054423,93.90322580645162,0.10321657060663675,0.011653483778168664,6,6,7,7,8,14,18,42,42,42,42
GET,/get_data/125,77,19,5,5.538747909148307,3.0215490005502943,14.615517000493128,86.67532467532467,0.12818832155985532,0.03163088454074352,5,6,6,6,8,11,12,15,15,15,15
GET,/get_data/126,54,7,5,6.73546400000507,2.656597999703081,37.28961200067715,93.0,0.08989830343158685,0.011653483778168664,5,6,6,7,10,19,20,37,37,37,37
GET,/get_data/127,68,7,5,6.304665602944143,3.0439250003837515,32.23837400037155,92.6470588235294,0.11320527098792417,0.011653483778168664,5,6,7,7,9,11,12,32,32,32,32
GET,/get_data/128,79,11,5,5.978431316421687,2.649313999881997,21.380851000230905,92.48101265822785,0.1315178883536178,0.018312617365693618,5,6,7,7,9,10,16,21,21,21,21
GET,/get_data/129,67,9,5,6.891817089547373,3.3499959999971907,37.09356400031538,91.88059701492537,0.11154048759104293,0.01498305057193114,5,6,7,8,9,14,28,37,37,37,37
GET,/get_data/13,103,0,5,5.361083873740603,2.7545670000108657,15.062163000038709,98.0,0.1714726898787675,0.0,5,5,6,6,8,9,13,14,15,15,15
GET,/get_data/130,64,12,5,5.928465999986088,2.77674000017214,14.086657000007108,89.875,0.10654613740039923,0.019977400762574853,5,6,7,8,10,11,13,14,14,14,14
GET,/get_data/131,79,14,5,5.947428531611347,2.9941500001768873,16.9327839998914,89.60759493670886,0.1315178883536178,0.023306967556337328,5,6,7,7,9,10,15,17,17,17,17
GET,/get_data/132,60,7,5,6.738864799960235,2.944757000022946,39.01177900024777,94.58333333333333,0.09988700381287427,0.011653483778168664,5,5,6,7,8,22,31,39,39,39,39
GET,/get_data/133,77,13,6,6.672250233793432,3.057023000110348,26.353802999437903,90.05194805194805,0.12818832155985532,0.021642184159456093,6,7,8,8,10,15,22,26,26,26,26
GET,/get_data/134,66,10,5,6.596816757571629,2.8857130000687903,34.44297799978813,92.66666666666667,0.1098757041941617,0.01664783396881238,5,6,7,7,9,14,25,34,34,34,34
GET,/get_data/135,73,15,5,6.477793904096335,2.841145999809669,33.49408600024617,88.9041095890411,0.12152918797233037,0.024971750953218567,5,7,7,8,9,12,14,33,33,33,33
GET,/get_data/136,60,14,5,6.955419400022341,3.0401280000660336,38.29194700028893,88.16666666666667,0.09988700381287427,0.023306967556337328,5,6,8,8,11,17,18,38,38,38,38
GET,/get_data/137,77,18,5,6.955764376654132,3.033743000287359,40.40875100054109,87.37662337662337,0.12818832155985532,0.02996610114386228,5,6,7,7,13,15,35,40,40,40,40
GET,/get_data/138,73,18,5,6.290374287700989,2.96865699965565,30.92574800029979,86.68493150684931,0.12152918797233037,0.02996610114386228,5,6,7,7,8,12,22,31,31,31,31
GET,/get_data/139,70,12,5,6.516836714276256,3.0989530000624654,24.314441999649716,91.57142857142857,0.11653483778168665,0.019977400762574853,5,6,7,8,10,16,18,24,24,24,24
GET,/get_data/14,104,0,5,6.168492009600448,3.035368000382732,18.139389000225492,100.0,0.17313747327564874,0.0,5,6,7,7,9,13,16,17,18,18,18
GET,/get_data/140,60,13,5,5.792342900031144,3.0855309996695723,15.81399099995906,89.08333333333333,0.09988700381287427,0.021642184159456093,5,6,6,7,10,12,14,16,16,16,16
GET,/get_data/141,70,8,5,5.934590899979802,3.2398660005128477,21.72311999993326,93.82857142857142,0.11653483778168665,0.013318267175049903,5,6,7,7,8,10,16,22,22,22,22
GET,/get_data/142,86,14,5,6.1906063139155965,3.2763450003585604,32.66464799980895,91.20930232558139,0.14317137213178646,0.023306967556337328,5,6,7,7,9,13,20,33,33,33,33
GET,/get_data/143,79,12,5,6.4029918986894305,3.0906619999768736,31.479085000228224,91.79746835443038,0.1315178883536178,0.019977400762574853,5,6,7,7,10,13,30,31,31,31,31
GET,/get_data/144,65,18,5,6.0952274922083935,3.1485919998885947,16.905172999940987,85.76923076923077,0.10821092079728047,0.02996610114386228,5,6,7,7,11,12,14,17,17,17,17
GET,/get_data/145,43,8,6,6.456239837208096,3.4005659999820637,17.829356999754964,89.95348837209302,0.07158568606589323,0.013318267175049903,6,6,7,7,8,16,18,18,18,18,18
GET,/get_data/146,73,19,5,6.227152698644105,3.27233799998794,25.23819399993954,84.46575342465754,0.12152918797233037,0.03163088454074352,5,6,6,7,9,12,19,25,25,25,25
GET,/get_data/147,58,12,5,6.272058034451691,2.9285089999575575,16.794887999822095,89.62068965517241,0.09655743701911179,0.019977400762574853,5,6,8,8,10,10,11,17,17,17,17
GET,/get_data/148,63,16,5,6.089029206361287,3.021238000201265,25.881345000016154,86.28571428571429,0.10488135400351799,0.026636534350099807,5,6,6,7,9,9,15,26,26,26,26
GET,/get_data/149,84,26,6,8.080269952410205,3.087716000209184,46.29618099988875,83.28571428571429,0.13984180533802398,0.043284368318912185,6,7,8,8,11,23,44,46,46,46,46
GET,/get_data/15,112,0,5,5.90313709823168,3.1709929999124142,20.00161100022524,100.0,0.18645574045069863,0.0,5,6,6,7,8,11,15,18,20,20,20
GET,/get_data/150,76,16,5,5.645047355301358,2.780745000109164,15.842265999708616,88.63157894736842,0.12652353816297407,0.026636534350099807,5,6,6,7,9,10,13,16,16,16,16
GET,/get_data/151,79,13,6,6.642067746857328,3.183358000114822,34.078723999300564,91.11392405063292,0.1315178883536178,0.021642184159456093,6,6,7,7,9,13,30,34,34,34,34
GET,/get_data/152,67,13,6,7.048220791046387,2.948512999864761,20.40917000022091,90.32835820895522,0.11154048759104293,0.021642184159456093,6,7,8,8,14,18,20,20,20,20,20
GET,/get_data/153,64,14,6,7.028745390627478,3.100955999798316,34.75079999952868,88.96875,0.10654613740039923,0.023306967556337328,6,6,7,8,11,14,29,35,35,35,35
GET,/get_data/154,67,19,5,6.419299522444342,3.106585999375966,24.41285200029597,84.68656716417911,0.11154048759104293,0.03163088454074352,5,7,7,8,9,10,23,24,24,24,24
GET,/get_data/155,56,14,5,7.396031517877028,3.3189020005011116,42.52398600010565,85.75,0.09322787022534931,0.023306967556337328,5,7,8,8,12,16,36,43,43,43,43
GET,/get_data/156,74,18,5,6.463346283748546,3.1139160000748234,40.92138400028489,87.62162162162163,0.1231939713692116,0.02996610114386228,5,6,6,8,9,15,19,41,41,41,41
GET,/get_data/157,76,18,5,6.622831421090699,2.855679000276723,51.15315800003373,87.21052631578948,0.12652353816297407,0.02996610114386228,5,6,7,8,9,13,19,51,51,51,51
GET,/get_data/158,80,18,6,6.429262699987248,3.272193000157131,37.14594400025817,86.3,0.13318267175049903,0.02996610114386228,6,6,7,7,8,16,22,37,37,37,37
GET,/get_data/159,65,22,6,7.235116261563235,2.879821000078664,42.39462399982585,81.72307692307692,0.10821092079728047,0.036625234731387235,6,7,8,8,12,13,20,42,42,42,42
GET,/get_data/16,97,0,5,5.603497536047088,2.6783719999912137,18.276382999829366,97.0,0.16148398949748008,0.0,5,5,6,6,9,11,14,18,18,18,18
GET,/get_data/160,60,9,5,6.631998833343762,2.9004420002820552,51.2728399999105,91.05,0.09988700381287427,0.01498305057193114,5,6,7,8,9,14,16,51,51,51,51
GET,/get_data/161,75,17,5,7.037939333331451,3.0007479999767384,48.88114899995344,87.76,0.12485875476609284,0.028301317746981042,5,6,8,9,10,12,25,49,49,49,49
GET,/get_data/162,66,18,5,5.837042303028284,3.1605600001967105,13.608186000055866,85.27272727272727,0.1098757041941617,0.02996610114386228,5,6,7,7,9,10,13,14,14,14,14
GET,/get_data/163,65,18,6,6.9444318308132305,2.8281790000619367,29.428640000332962,83.6,0.10821092079728047,0.02996610114386228,6,7,8,8,10,12,18,29,29,29,29
GET,/get_data/164,53,13,5,7.687770094357888,3.248463000090851,71.68753600035416,87.50943396226415,0.08823352003470561,0.021642184159456093,5,6,7,8,11,13,22,72,72,72,72
GET,/get_data/165,61,19,5,6.855327672122362,3.1237350003721076,31.857308999860834,82.49180327868852,0.10155178720975551,0.03163088454074352,5,6,8,9,12,13,19,32,32,32,32
GET,/get_data/166,66,15,5,6.429086469676225,3.019627000867331,31.65383700024904,87.72727272727273,0.1098757041941617,0.024971750953218567,5,6,7,7,8,11,26,32,32,32,32
GET,/get_data/167,56,12,6,7.026232285706361,3.218456000013248,31.540645999939443,88.42857142857143,0.09322787022534931,0.019977400762574853,6,6,8,9,10,17,19,32,32,32,32
GET,/get_data/168,66,19,5,6.430321712073375,2.825412999754917,27.557397999771638,84.45454545454545,0.1098757041941617,0.03163088454074352,5,6,7,7,10,13,20,28,28,28,28
GET,/get_data/169,61,16,6,6.81504447547028,2.8567300000759133,29.61974799973177,85.8360655737705,0.10155178720975551,0.026636534350099807,6,6,7,7,9,17,20,30,30,30,30
GET,/get_data/17,92,0,5,5.8892641087051905,3.1747660004839418,14.969644999837328,99.0,0.15316007251307387,0.0,5,6,6,7,8,10,15,15,15,15,15
GET,/get_data/170,63,28,6,7.024251984119704,3.069887000037852,32.10859899991192,75.44444444444444,0.10488135400351799,0.046613935112674657,6,7,8,8,10,12,24,32,32,32,32
GET,/get_data/171,54,18,5,7.537171907398698,3.095007999945665,43.13658999990366,82.0,0.08989830343158685,0.02996610114386228,6,6,7,7,12,27,30,43,43,43,43
GET,/get_data/172,50,19,5,6.321462999903815,2.8893929998048407,16.001349999896775,78.86,0.08323916984406189,0.03163088454074352,6,6,8,8,10,11,16,16,16,16,16
GET,/get_data/173,46,15,5,5.686460434745918,3.108633999545418,15.083922000030725,83.06521739130434,0.07658003625653693,0.024971750953218567,5,6,6,7,8,10,15,15,15,15,15
GET,/get_data/174,53,18,5,5.785176151015171,3.223104999960924,12.707372000477335,80.33962264150944,0.08823352003470561,0.02996610114386228,5,6,6,7,9,10,10,13,13,13,13
GET,/get_data/175,49,6,6,5.938249653085297,3.108390999841504,16.042932999880577,94.26530612244898,0.08157438644718065,0.009988700381287427,6,7,7,7,9,9,16,16,16,16,16
GET,/get_data/176,54,13,5,5.412177462934172,2.841664000243327,13.403641999502725,87.0,0.08989830343158685,0.021642184159456093,5,5,6,6,7,9,11,13,13,13,13
GET,/get_data/177,62,21,5,7.094368935477471,2.8221709999343148,60.44932000077097,81.04838709677419,0.10321657060663675,0.034960451334505996,5,6,7,7,8,12,37,60,60,60,60
GET,/get_data/178,66,24,5,6.148589348385665,3.3115149999503046,22.449511000104394,81.0,0.1098757041941617,0.03995480152514971,5,6,6,7,8,9,22,22,22,22,22
GET,/get_data/179,57,14,5,6.546007052660124,3.1133890006458387,27.57508200011216,85.98245614035088,0.09489265362223055,0.023306967556337328,5,6,7,7,10,15,17,28,28,28,28
GET,/get_data/18,98,0,5,5.72882579592019,2.89971200072614,21.189747999414976,100.0,0.1631487728943613,0.0,5,6,7,7,8,10,11,21,21,21,21
GET,/get_data/180,61,22,5,6.889101573700023,3.0036680000193883,38.45378200003324,80.52459016393442,0.10155178720975551,0.036625234731387235,5,7,7,7,10,12,35,38,38,38,38
GET,/get_data/181,54,22,5,6.651859944415467,3.0882669998391066,22.20849500008626,78.5925925925926,0.08989830343158685,0.036625234731387235,5,6,7,8,12,18,20,22,22,22,22
GET,/get_data/182,50,19,6,7.178530780065557,3.1360499997390434,41.47320899983242,80.1,0.08323916984406189,0.03163088454074352,6,7,8,9,11,13,41,41,41,41,41
GET,/get_data/183,49,13,7,8.211834938812936,3.734454000095866,26.13230199995087,86.40816326530613,0.08157438644718065,0.021642184159456093,7,8,8,9,14,26,26,26,26,26,26
GET,/get_data/184,64,29,6,6.439882968741983,2.9930479995528003,27.615331000561127,76.078125,0.10654613740039923,0.048278718509555896,6,6,7,7,9,12,24,28,28,28,28
GET,/get_data/185,49,16,5,6.933553183694594,3.4132800001316355,37.00072199990245,83.04081632653062,0.08157438644718065,0.026636534350099807,5,6,8,8,9,11,37,37,37,37,37
GET,/get_data/186,46,14,5,6.466260217393938,3.429697999763448,15.868569999838655,82.8695652173913,0.07658003625653693,0.023306967556337328,6,7,8,8,10,12,16,16,16,16,16
GET,/get_data/187,49,16,5,6.239876551002713,3.2794379994811607,33.6876280002798,82.36734693877551,0.08157438644718065,0.026636534350099807,5,6,6,7,9,10,34,34,34,34,34
GET,/get_data/188,47,20,5,6.095585383041288,3.104351000274619,15.683210999668518,77.02127659574468,0.07824481965341817,0.03329566793762476,5,6,7,7,11,12,16,16,16,16,16
GET,/get_data/189,50,15,5,6.684045559977676,3.67609699969762,48.07961799997429,84.5,0.08323916984406189,0.024971750953218567,5,6,6,7,9,10,48,48,48,48,48
GET,/get_data/19,80,0,5,5.567816987536389,2.8251589997125848,31.24360899983003,99.0,0.13318267175049903,0.0,5,5,6,6,7,9,13,31,31,31,31
GET,/get_data/190,50,23,5,6.85553947999324,2.940183999726287,47.40815100012696,74.62,0.08323916984406189,0.03829001812826847,5,7,7,7,10,11,47,47,47,47,47
GET,/get_data/191,66,29,6,6.838511272690084,3.0993660002422985,21.24775500033138,76.27272727272727,0.1098757041941617,0.048278718509555896,6,6,8,8,13,17,21,21,21,21,21
GET,/get_data/192,48,12,5,7.165144895812621,2.816804999838496,50.22776199984946,87.25,0.07990960305029941,0.019977400762574853,6,6,8,8,11,15,50,50,50,50,50
GET,/get_data/193,55,19,6,6.626521818221094,2.9619450001519,22.54343399999925,81.34545454545454,0.09156308682846809,0.03163088454074352,6,7,8,8,10,13,15,23,23,23,23
GET,/get_data/194,51,21,5,6.053370411800464,2.62449399997422,18.377918000169302,77.76470588235294,0.08490395324094313,0.034960451334505996,5,6,7,7,8,11,11,18,18,18,18
GET,/get_data/195,42,17,5,5.9447764522679964,3.0942430003051413,21.451669999805745,78.73809523809524,0.06992090266901199,0.028301317746981042,5,6,6,6,8,10,21,21,21,21,21
GET,/get_data/196,57,23,6,6.788272877178028,3.4225559998048993,25.46250199975475,78.21052631578948,0.09489265362223055,0.03829001812826847,6,6,7,8,10,16,19,25,25,25,25
GET,/get_data/197,53,22,6,8.121833113252578,2.839278999999806,34.01307300009648,77.0,0.08823352003470561,0.036625234731387235,6,7,8,10,15,26,31,34,34,34,34
GET,/get_data/198,54,28,5,5.598888907376965,3.1864409993431764,18.723054000020056,72.48148148148148,0.08989830343158685,0.046613935112674657,5,6,6,6,7,9,12,19,19,19,19
GET,/get_data/199,52,20,6,5.998496577000458,2.819276000082027,12.480762999985018,79.84615384615384,0.08656873663782437,0.03329566793762476,6,6,7,7,8,9,11,12,12,12,12
GET,/get_data/2,119,0,5,6.103229226903008,2.98639800030287,27.143798999986757,98.0,0.19810922422886731,0.0,5,6,7,7,9,12,20,23,27,27,27
GET,/get_data/20,90,0,5,6.12804038891631,2.8674019999925804,23.98996600004466,100.0,0.14983050571931142,0.0,5,6,6,7,9,11,20,24,24,24,24
GET,/get_data/200,49,28,5,6.453098081655465,2.8982949997953256,31.85504300017783,69.57142857142857,0.08157438644718065,0.046613935112674657,5,6,7,7,10,15,32,32,32,32,32
GET,/get_data/201,43,15,5,5.718871651128592,3.1903959998089704,10.258991999762657,80.51162790697674,0.07158568606589323,0.024971750953218567,5,6,7,7,8,9,10,10,10,10,10
GET,/get_data/202,39,13,5,8.503656076953074,2.987465999467531,51.19183199985855,80.66666666666667,0.06492655247836827,0.021642184159456093,5,6,7,7,19,37,51,51,51,51,51
GET,/get_data/203,56,26,6,6.147177446499492,3.5876270003427635,20.224526000674814,74.39285714285714,0.09322787022534931,0.043284368318912185,6,6,7,7,8,10,11,20,20,20,20
GET,/get_data/204,49,15,6,6.924451755172153,3.019891999883839,19.783548000305018,84.16326530612245,0.08157438644718065,0.024971750953218567,6,7,8,9,12,13,20,20,20,20,20
GET,/get_data/205,47,19,6,6.62461314897805,3.0199980001270887,19.651358999908553,78.17021276595744,0.07824481965341817,0.03163088454074352,6,7,7,7,10,16,20,20,20,20,20
GET,/get_data/206,41,14,6,6.088392853698457,3.483324000171706,13.180711999666528,80.90243902439025,0.06825611927213075,0.023306967556337328,6,6,7,7,9,10,13,13,13,13,13
GET,/get_data/207,53,16,5,5.645052792389388,2.867485999558994,12.242148999575875,83.69811320754717,0.08823352003470561,0.026636534350099807,5,6,7,7,8,8,9,12,12,12,12
GET,/get_data/208,57,32,6,7.0693861403573495,3.1588679999003944,44.13281899996946,69.6842105263158,0.09489265362223055,0.05327306870019961,6,7,7,8,11,15,22,44,44,44,44
GET,/get_data/209,69,29,5,5.796095072477381,2.8759240003637387,15.107792999970115,76.14492753623189,0.11487005438480541,0.048278718509555896,5,6,7,7,9,9,12,15,15,15,15
GET,/get_data/21,94,0,5,5.965028553186749,2.7064249998147716,26.66673700014144,98.0,0.15648963930683635,0.0,5,6,6,7,8,11,24,27,27,27,27
GET,/get_data/210,39,18,6,6.53516174355527,3.020690000084869,39.79514200000267,75.07692307692308,0.06492655247836827,0.02996610114386228,6,6,6,7,9,12,40,40,40,40,40
GET,/get_data/211,46,19,6,6.901160913091941,2.9176790003475617,29.53157599995393,78.28260869565217,0.07658003625653693,0.03163088454074352,6,7,7,7,10,14,30,30,30,30,30
GET,/get_data/212,47,20,5,5.827317617012283,2.9032030001872045,18.188795000241953,77.59574468085107,0.07824481965341817,0.03329566793762476,5,6,7,7,8,12,18,18,18,18,18
GET,/get_data/213,52,27,6,6.335210865446383,3.6363210001582047,13.273020000269753,72.4423076923077,0.08656873663782437,0.044949151715793424,6,6,8,8,9,11,12,13,13,13,13
GET,/get_data/214,45,21,5,6.167975533308992,2.7710109998224652,20.58421099991392,74.8,0.07491525285965571,0.034960451334505996,5,6,7,7,10,14,21,21,21,21,21
GET,/get_data/215,42,14,5,6.2372017856822435,2.658884999618749,33.64294999983031,82.0,0.06992090266901199,0.023306967556337328,5,6,7,7,9,10,34,34,34,34,34
GET,/get_data/216,39,15,5,6.237728230830842,3.5800120003841585,19.434981999893353,79.23076923076923,0.06492655247836827,0.024971750953218567,5,6,7,7,9,19,19,19,19,19,19
GET,/get_data/217,61,27,5,5.699587540936486,3.1223149999277666,13.175660999877437,75.54098360655738,0.10155178720975551,0.044949151715793424,5,6,6,7,9,11,13,13,13,13,13
GET,/get_data/218,45,24,6,7.586239244523717,3.5267729999759467,58.78172099983203,71.2,0.07491525285965571,0.03995480152514971,6,7,8,9,11,12,59,59,59,59,59
GET,/get_data/219,57,30,6,8.57153089472169,3.041654999833554,69.88596500013955,71.10526315789474,0.09489265362223055,0.049943501906437135,6,6,7,8,11,40,52,70,70,70,70
GET,/get_data/22,94,0,5,6.3218923616872456,3.1998559998100973,42.61916099949303,100.0,0.15648963930683635,0.0,5,6,7,7,9,15,23,43,43,43,43
GET,/get_data/220,39,21,6,6.540141487197943,2.606827000818157,12.476412999603781,70.92307692307692,0.06492655247836827,0.034960451334505996,6,7,8,8,11,11,12,12,12,12,12
GET,/get_data/221,33,21,6,6.369246545504708,3.945419000046968,11.437717000262637,65.63636363636364,0.05493785209708085,0.034960451334505996,6,7,8,8,8,9,11,11,11,11,11
GET,/get_data/222,44,25,5,7.1862029771471665,2.9654429999936838,38.855693000186875,68.88636363636364,0.07325046946277447,0.041619584922030946,6,6,7,8,10,21,39,39,39,39,39
GET,/get_data/223,42,26,5,6.608649785686707,3.3376000001226203,32.15445300020292,66.57142857142857,0.06992090266901199,0.043284368318912185,5,6,7,8,8,11,32,32,32,32,32
GET,/get_data/224,51,17,5,6.5340064118340795,3.0103760000201873,25.59042600023531,80.66666666666667,0.08490395324094313,0.028301317746981042,5,6,7,8,10,14,20,26,26,26,26
GET,/get_data/225,35,19,6,7.321339828506877,3.03598000027705,34.994233999896096,70.22857142857143,0.058267418890843324,0.03163088454074352,6,7,8,9,12,17,35,35,35,35,35
GET,/get_data/226,46,24,5,5.762587195664784,2.942128000086086,12.616711000191572,71.82608695652173,0.07658003625653693,0.03995480152514971,6,6,6,7,8,9,13,13,13,13,13
GET,/get_data/227,41,27,6,7.618126975635611,2.6956159999826923,25.925218000338646,64.78048780487805,0.06825611927213075,0.044949151715793424,6,7,8,9,14,16,26,26,26,26,26
GET,/get_data/228,46,25,6,7.240413912995791,2.5114850000136357,32.976749000226846,69.73913043478261,0.07658003625653693,0.041619584922030946,6,7,7,8,11,14,33,33,33,33,33
GET,/get_data/229,40,21,6,7.8468994999752795,3.175551999902382,32.87092699974892,72.125,0.06659133587524951,0.034960451334505996,6,7,8,10,17,24,33,33,33,33,33
GET,/get_data/23,97,0,5,6.183234649438184,2.828243999829283,34.779361999881075,100.0,0.16148398949748008,0.0,5,6,6,7,9,12,17,35,35,35,35
GET,/get_data/230,30,17,6,7.501190266642273,3.06665000061912,28.754050999850733,69.83333333333333,0.049943501906437135,0.028301317746981042,6,8,9,10,11,16,29,29,29,29,29
GET,/get_data/231,42,18,6,6.423288571427509,2.9925900003036077,16.477387999657367,76.85714285714286,0.06992090266901199,0.02996610114386228,6,7,8,8,10,11,16,16,16,16,16
GET,/get_data/232,47,27,6,6.262291808496307,3.699997000694566,12.5782649993198,68.97872340425532,0.07824481965341817,0.044949151715793424,6,7,8,8,9,11,13,13,13,13,13
GET,/get_data/233,41,27,5,6.640545146360748,2.865730999928928,41.942044000279566,64.4390243902439,0.06825611927213075,0.044949151715793424,5,6,6,6,10,11,42,42,42,42,42
GET,/get_data/234,42,23,6,6.545722809505605,3.0457559996648342,15.391712000109692,70.42857142857143,0.06992090266901199,0.03829001812826847,6,6,8,9,11,11,15,15,15,15,15
GET,/get_data/235,42,30,6,6.83239185710114,2.721260000271286,43.532342000162316,61.42857142857143,0.06992090266901199,0.049943501906437135,6,6,7,8,8,9,44,44,44,44,44
GET,/get_data/236,34,18,6,6.257761970600233,3.3414950003134436,11.601993000112998,71.41176470588235,0.056602635493962085,0.02996610114386228,6,6,7,8,9,10,12,12,12,12,12
GET,/get_data/237,51,27,6,7.333417803871342,2.89217199997438,40.28966200075956,71.41176470588235,0.08490395324094313,0.044949151715793424,6,6,7,8,11,16,31,40,40,40,40
GET,/get_data/238,55,34,6,7.8118441636434,3.261241000473092,40.4485939998267,66.61818181818182,0.09156308682846809,0.056602635493962085,6,7,7,9,13,24,26,40,40,40,40
GET,/get_data/239,42,27,5,5.818942928575173,3.161040000122739,20.880012999441533,64.57142857142857,0.06992090266901199,0.044949151715793424,5,6,7,7,8,9,21,21,21,21,21
GET,/get_data/24,103,0,5,6.350111252448063,2.747492999787937,32.27027899993118,100.0,0.1714726898787675,0.0,5,6,6,7,9,16,23,26,32,32,32
GET,/get_data/240,39,18,6,8.964632717915942,3.471660000286647,42.61853899970447,74.53846153846153,0.06492655247836827,0.02996610114386228,6,7,10,11,15,39,43,43,43,43,43
GET,/get_data/241,45,33,6,8.069000800039955,3.1418240005223197,41.56243700072082,60.666666666666664,0.07491525285965571,0.05493785209708085,6,7,8,9,12,24,42,42,42,42,42
GET,/get_data/242,44,31,5,5.647491409097876,3.1239390000337153,13.979153999571281,61.95454545454545,0.07325046946277447,0.051608285303318374,5,6,7,7,9,9,14,14,14,14,14
GET,/get_data/243,31,20,7,7.797261322623179,3.058495999994193,40.39146700006313,65.51612903225806,0.051608285303318374,0.03329566793762476,7,7,8,8,11,16,40,40,40,40,40
GET,/get_data/244,43,34,5,6.298465720932612,3.2748479998190305,27.498999999806983,57.30232558139535,0.07158568606589323,0.056602635493962085,5,7,7,7,8,11,27,27,27,27,27
GET,/get_data/245,40,28,5,7.899916150063291,3.108527999756916,50.074078000307054,62.2,0.06659133587524951,0.046613935112674657,5,6,7,7,12,36,50,50,50,50,50
GET,/get_data/246,48,30,6,6.195674458344532,2.904534999288444,24.51697700053046,65.875,0.07990960305029941,0.049943501906437135,6,6,7,7,9,10,25,25,25,25,25
GET,/get_data/247,39,29,6,6.475440769218739,3.1203550006466685,29.696316000354273,60.1025641025641,0.06492655247836827,0.048278718509555896,6,6,6,7,8,14,30,30,30,30,30
GET,/get_data/248,48,37,5,7.674585479217437,2.6948690001518116,79.57189199987624,58.604166666666664,0.07990960305029941,0.0615969856846058,5,6,7,7,9,20,80,80,80,80,80
GET,/get_data/249,45,31,6,6.622794799992941,3.2679040000402892,39.857906000179355,63.111111111111114,0.07491525285965571,0.051608285303318374,6,6,7,7,9,10,40,40,40,40,40
GET,/get_data/25,101,0,5,5.86726463362169,3.101393999713764,21.389900000031048,99.0,0.16814312308500504,0.0,5,6,6,7,8,9,12,20,21,21,21
GET,/get_data/250,58,43,5,6.255249448235316,3.252174999943236,25.01939100011441,60.224137931034484,0.09655743701911179,0.07158568606589323,5,6,7,7,9,13,18,25,25,25,25
GET,/get_data/251,25,19,6,6.666452599874901,3.1041089996506344,16.35673200007659,58.96,0.041619584922030946,0.03163088454074352,6,7,7,8,11,13,16,16,16,16,16
GET,/get_data/252,46,30,5,6.795696065222254,2.86400099957973,49.517776999891794,64.43478260869566,0.07658003625653693,0.049943501906437135,5,6,7,7,9,10,50,50,50,50,50
GET,/get_data/253,37,25,5,6.792525270304543,3.294819000075222,39.182548000098905,63.513513513513516,0.0615969856846058,0.041619584922030946,5,6,6,7,8,18,39,39,39,39,39
GET,/get_data/254,40,27,6,7.592000200008897,3.398536000531749,40.713671000048635,63.875,0.06659133587524951,0.044949151715793424,6,7,8,9,13,15,41,41,41,41,41
GET,/get_data/255,41,31,6,7.198959121912439,3.3239459999094834,54.08546200033015,59.170731707317074,0.06825611927213075,0.051608285303318374,6,6,7,7,10,12,54,54,54,54,54
GET,/get_data/256,38,28,5,7.510342526266437,2.8368919997774356,30.845970999962447,59.94736842105263,0.06326176908148703,0.046613935112674657,5,7,8,9,12,28,31,31,31,31,31
GET,/get_data/257,44,34,5,6.785028795423965,2.736776000347163,33.72916900025302,58.5,0.07325046946277447,0.056602635493962085,5,6,7,7,9,16,34,34,34,34,34
GET,/get_data/258,40,37,5,6.311405274982462,3.201850000095874,41.16452500011292,50.125,0.06659133587524951,0.0615969856846058,5,6,6,6,8,11,41,41,41,41,41
GET,/get_data/259,38,31,6,6.277853842172925,3.127102999769704,16.50091000010434,55.94736842105263,0.06326176908148703,0.051608285303318374,6,6,6,8,10,15,17,17,17,17,17
GET,/get_data/26,104,0,5,6.238333903874823,2.7032670000153303,25.548583999807306,99.0,0.17313747327564874,0.0,5,6,7,7,9,11,19,20,26,26,26
GET,/get_data/260,56,46,6,9.526799517792435,3.291781999905652,141.26588399994944,55.82142857142857,0.09322787022534931,0.07658003625653693,6,7,9,10,15,21,23,140,140,140,140
GET,/get_data/261,32,26,5,6.005472250038224,2.9056150001451897,12.084490000233927,56.125,0.05327306870019961,0.043284368318912185,5,7,8,8,9,11,12,12,12,12,12
GET,/get_data/262,41,34,6,6.650226146254083,3.034080999896105,27.71106399995915,55.21951219512195,0.06825611927213075,0.056602635493962085,6,7,8,9,10,12,28,28,28,28,28
GET,/get_data/263,57,43,6,6.281074894703028,2.6589429999148706,30.933621999793104,59.50877192982456,0.09489265362223055,0.07158568606589323,6,6,7,7,8,11,11,31,31,31,31
GET,/get_data/264,49,41,5,7.337757408169303,2.9006100003243773,33.58185199977015,54.6530612244898,0.08157438644718065,0.06825611927213075,5,7,8,9,13,23,34,34,34,34,34
GET,/get_data/265,36,27,6,6.195674500026548,3.2326199998351512,15.008352000222658,59.25,0.05993220228772456,0.044949151715793424,6,6,7,7,10,14,15,15,15,15,15
GET,/get_data/266,38,30,5,5.779942947439945,3.2705519997762167,14.444388999891089,57.1578947368421,0.06326176908148703,0.049943501906437135,5,6,6,7,9,13,14,14,14,14,14
GET,/get_data/267,43,40,5,8.62203374415828,3.010144999734621,135.9837449999759,49.76744186046512,0.07158568606589323,0.06659133587524951,5,6,7,7,10,11,140,140,140,140,140
GET,/get_data/268,26,22,6,6.8038144614862315,3.4036450001622143,16.808528999717964,54.46153846153846,0.043284368318912185,0.036625234731387235,6,7,9,9,11,13,17,17,17,17,17
GET,/get_data/269,31,26,5,5.803222387018445,3.000024999892048,19.820594000066194,54.87096774193548,0.051608285303318374,0.043284368318912185,5,6,7,7,8,9,20,20,20,20,20
GET,/get_data/27,125,0,5,7.161628935977205,2.9266350002217223,63.26507599987963,99.0,0.20809792461015472,0.0,5,6,7,8,11,13,28,35,63,63,63
GET,/get_data/270,38,36,5,7.444147079001452,3.5561959994083736,49.677819999942585,48.89473684210526,0.06326176908148703,0.05993220228772456,5,6,7,8,10,18,50,50,50,50,50
GET,/get_data/271,40,32,6,7.015205699985927,3.8694550003128825,41.3296819997413,56.8,0.06659133587524951,0.05327306870019961,6,6,7,9,10,14,41,41,41,41,41
GET,/get_data/272,30,27,5,6.860058033241027,3.211129999726836,23.823338999136467,51.5,0.049943501906437135,0.044949151715793424,6,7,8,8,11,14,24,24,24,24,24
GET,/get_data/273,33,29,6,6.986403818121868,3.177537999818014,27.032263999899442,52.42424242424242,0.05493785209708085,0.048278718509555896,6,6,7,7,8,25,27,27,27,27,27
GET,/get_data/274,36,32,5,5.95631966669114,3.0933549996916554,11.873705000198242,51.888888888888886,0.05993220228772456,0.05327306870019961,5,6,7,8,10,12,12,12,12,12,12
GET,/get_data/275,36,33,5,6.300783972278623,3.3090850001826766,23.61574099995778,50.416666666666664,0.05993220228772456,0.05493785209708085,5,6,7,8,9,16,24,24,24,24,24
GET,/get_data/276,36,33,6,6.929281222192508,2.715902000090864,14.722138999786694,50.583333333333336,0.05993220228772456,0.05493785209708085,6,7,9,10,12,14,15,15,15,15,15
GET,/get_data/277,31,31,6,6.4729273871337005,3.471760999673279,18.729168000390928,46.0,0.051608285303318374,0.051608285303318374,6,6,7,8,10,12,19,19,19,19,19
GET,/get_data/278,28,28,6,12.014894607204951,3.0517710001731757,143.90310799990402,46.0,0.046613935112674657,0.046613935112674657,6,7,9,9,12,19,140,140,140,140,140
GET,/get_data/279,38,38,6,6.293050684163111,3.1119129998842254,14.997928999946453,46.0,0.06326176908148703,0.06326176908148703,6,7,7,7,8,14,15,15,15,15,15
GET,/get_data/28,117,0,5,5.681872649557381,2.9896589994677925,19.098520000170538,99.0,0.19477965743510484,0.0,5,6,6,6,7,10,11,18,19,19,19
GET,/get_data/280,19,19,5,5.7549875790228775,3.0821339996691677,11.456841000835993,46.0,0.03163088454074352,0.03163088454074352,5,6,7,8,10,11,11,11,11,11,11
GET,/get_data/281,38,38,6,7.88000442101197,3.3270129997617914,42.21850700014329,46.0,0.06326176908148703,0.06326176908148703,6,8,9,9,12,24,42,42,42,42,42
GET,/get_data/282,41,41,5,6.414301463348416,3.6588469993148465,21.252083000035782,46.0,0.06825611927213075,0.06825611927213075,5,6,7,8,10,12,21,21,21,21,21
GET,/get_data/283,31,31,6,9.07303706454484,3.780726999593753,34.195240000371996,46.0,0.051608285303318374,0.051608285303318374,6,7,8,9,24,30,34,34,34,34,34
GET,/get_data/284,40,40,6,7.4440469500927975,3.361883000252419,24.149226000190538,46.0,0.06659133587524951,0.06659133587524951,6,7,8,10,14,20,24,24,24,24,24
GET,/get_data/285,29,29,6,6.733408482683319,3.518991999953869,13.73935999981768,46.0,0.048278718509555896,0.048278718509555896,6,7,9,9,12,13,14,14,14,14,14
GET,/get_data/286,23,23,6,6.428273260929058,3.226184999675752,12.554751000152464,46.0,0.03829001812826847,0.03829001812826847,6,7,7,8,9,9,13,13,13,13,13
GET,/get_data/287,36,36,5,9.447651666631726,3.060985000047367,145.911900000101,46.0,0.05993220228772456,0.05993220228772456,5,7,8,8,9,12,150,150,150,150,150
GET,/get_data/288,29,29,6,6.900527758622549,3.5065570000369917,15.732105000097363,46.0,0.048278718509555896,0.048278718509555896,6,7,8,10,11,12,16,16,16,16,16
GET,/get_data/289,32,32,6,7.329760093639948,3.398844999992434,38.43865899989396,46.0,0.05327306870019961,0.05327306870019961,6,7,7,7,12,13,38,38,38,38,38
GET,/get_data/29,102,0,5,5.749159068594,2.7609190001385286,18.97554900006071,98.0,0.16980790648188626,0.0,5,5,6,6,8,10,14,16,19,19,19
GET,/get_data/290,24,24,5,7.96614025002403,3.0193229999895266,64.66585199996189,46.0,0.03995480152514971,0.03995480152514971,5,6,6,6,9,14,65,65,65,65,65
GET,/get_data/291,17,17,6,6.8666695883353785,3.346559000419802,19.770264000726456,46.0,0.028301317746981042,0.028301317746981042,6,6,7,8,14,20,20,20,20,20,20
GET,/get_data/292,21,21,5,6.567436952428536,3.3844899999166955,12.078363000000536,46.0,0.034960451334505996,0.034960451334505996,5,7,9,10,10,10,12,12,12,12,12
GET,/get_data/293,20,20,5,5.785767900010796,3.602638999836927,12.078746000042884,46.0,0.03329566793762476,0.03329566793762476,5,6,6,7,10,12,12,12,12,12,12
GET,/get_data/294,29,29,5,5.965362758631492,3.367702000105055,11.137808000057703,46.0,0.048278718509555896,0.048278718509555896,5,6,7,8,9,11,11,11,11,11,11
GET,/get_data/295,26,26,5,5.927481961599859,3.1563920001644874,19.737164000616758,46.0,0.043284368318912185,0.043284368318912185,5,6,7,7,8,12,20,20,20,20,20
GET,/get_data/296,45,45,6,6.508135622193044,3.1110930003706017,25.824110000030487,46.0,0.07491525285965571,0.07491525285965571,6,6,8,8,9,9,26,26,26,26,26
GET,/get_data/297,32,32,5,6.554437343751829,3.007911000167951,18.489601000510447,46.0,0.05327306870019961,0.05327306870019961,5,7,8,10,10,14,18,18,18,18,18
GET,/get_data/298,33,33,7,12.225711242356766,3.3486869997432223,150.36926300035702,46.0,0.05493785209708085,0.05493785209708085,7,7,8,9,15,34,150,150,150,150,150
GET,/get_data/299,22,22,7,7.313639409155505,3.3820979997472023,20.607231000212778,46.0,0.036625234731387235,0.036625234731387235,7,7,8,9,11,11,21,21,21,21,21
GET,/get_data/3,116,0,5,7.141175603476705,3.002240000114398,36.64317399989159,98.0,0.19311487403822358,0.0,5,6,6,7,9,27,32,35,37,37,37
GET,/get_data/30,109,1,5,6.167644596347883,2.8311840001151722,28.012049000153638,98.5137614678899,0.18146139026005492,0.001664783396881238,5,6,7,7,9,11,14,14,28,28,28
GET,/get_data/300,34,34,6,8.483521470559614,2.965797999422648,27.96912199983126,46.0,0.056602635493962085,0.056602635493962085,6,7,9,10,18,27,28,28,28,28,28
GET,/get_data/301,24,24,8,9.101368166701226,3.3928570001080516,23.439282999788702,46.0,0.03995480152514971,0.03995480152514971,8,8,12,13,19,21,23,23,23,23,23
GET,/get_data/302,30,30,6,6.511831733375099,3.3386620002602285,22.92186800059426,46.0,0.049943501906437135,0.049943501906437135,6,6,7,7,10,11,23,23,23,23,23
GET,/get_data/303,32,32,6,6.986528312552309,3.8922329995330074,13.338763999854564,46.0,0.05327306870019961,0.05327306870019961,6,7,9,9,11,11,13,13,13,13,13
GET,/get_data/304,31,31,5,6.330531677400769,3.1682179997005733,20.20256600007997,46.0,0.051608285303318374,0.051608285303318374,5,6,7,7,11,15,20,20,20,20,20
GET,/get_data/305,26,26,5,6.819920769255707,3.580059000341862,31.290085000364343,46.0,0.043284368318912185,0.043284368318912185,6,6,7,7,8,15,31,31,31,31,31
GET,/get_data/306,30,30,5,6.194001299960898,3.3057270002245787,14.752417000181595,46.0,0.049943501906437135,0.049943501906437135,5,7,8,9,11,11,15,15,15,15,15
GET,/get_data/307,27,27,6,6.479891666643838,3.3301230005235993,18.612714000028063,46.0,0.044949151715793424,0.044949151715793424,6,7,8,8,8,11,19,19,19,19,19
GET,/get_data/308,23,23,6,8.13367821737025,3.222543000447331,34.22172499995213,46.0,0.03829001812826847,0.03829001812826847,6,8,8,10,12,24,34,34,34,34,34
GET,/get_data/309,23,23,5,7.5550412608683235,3.8915479999559466,35.61476300001232,46.0,0.03829001812826847,0.03829001812826847,5,7,9,9,10,11,36,36,36,36,36
GET,/get_data/31,103,0,5,6.140043077690297,2.7786870000454655,26.93345500028954,99.0,0.1714726898787675,0.0,5,6,7,7,9,12,16,18,27,27,27
GET,/get_data/310,32,32,6,6.4481299686889315,3.370662999259366,15.715026000179932,46.0,0.05327306870019961,0.05327306870019961,6,7,8,8,9,11,16,16,16,16,16
GET,/get_data/311,17,17,6,8.483320235374027,4.451862000678375,30.0521139997727,46.0,0.028301317746981042,0.028301317746981042,6,8,9,9,17,30,30,30,30,30,30
GET,/get_data/312,29,29,6,10.492985930936968,3.0246360001910944,58.575611999913235,46.0,0.048278718509555896,0.048278718509555896,6,7,8,13,32,46,59,59,59,59,59
GET,/get_data/313,21,21,5,7.219931333435982,3.4113889996660873,31.09604000019317,46.0,0.034960451334505996,0.034960451334505996,5,7,8,9,10,11,31,31,31,31,31
GET,/get_data/314,22,22,6,6.614687908970816,3.2573019998380914,13.346255999749701,46.0,0.036625234731387235,0.036625234731387235,6,7,8,8,9,12,13,13,13,13,13
GET,/get_data/315,21,21,6,6.676277761904376,3.2276769998134114,14.723278999554168,46.0,0.034960451334505996,0.034960451334505996,6,7,8,9,10,11,15,15,15,15,15
GET,/get_data/316,32,32,6,7.050881968766021,2.8213149998919107,31.653121000090323,46.0,0.05327306870019961,0.05327306870019961,6,7,8,9,9,10,32,32,32,32,32
GET,/get_data/317,28,28,5,7.476040643025174,3.1957170003806823,35.86542199991527,46.0,0.046613935112674657,0.046613935112674657,6,7,7,8,13,19,36,36,36,36,36
GET,/get_data/318,32,32,6,6.44148284379753,3.0858400004944997,14.24176799991983,46.0,0.05327306870019961,0.05327306870019961,6,7,8,10,11,13,14,14,14,14,14
GET,/get_data/319,30,30,6,7.2133957666210335,3.304320999632182,21.653730999787513,46.0,0.049943501906437135,0.049943501906437135,6,8,9,10,12,12,22,22,22,22,22
GET,/get_data/32,87,0,5,5.4101347816125696,2.907437999965623,12.014834999718005,98.0,0.1448361555286677,0.0,5,5,6,6,8,9,11,12,12,12,12
GET,/get_data/320,23,23,6,7.004341652191215,3.7297819999366766,19.830956000078004,46.0,0.03829001812826847,0.03829001812826847,6,6,7,7,13,18,20,20,20,20,20
GET,/get_data/321,12,12,4,4.657807083162879,3.110592999291839,6.797960000767489,46.0,0.019977400762574853,0.019977400762574853,5,5,5,5,7,7,7,7,7,7,7
GET,/get_data/322,17,17,6,6.270936176406394,3.4512470001573092,12.564175999614235,46.0,0.028301317746981042,0.028301317746981042,6,7,7,7,9,13,13,13,13,13,13
GET,/get_data/323,22,22,4,5.327008954674801,2.9139420003048144,10.675823000383389,46.0,0.036625234731387235,0.036625234731387235,5,5,6,7,8,8,11,11,11,11,11
GET,/get_data/324,25,25,5,5.7834685201669345,3.0475630001092213,15.0394709999091,46.0,0.041619584922030946,0.041619584922030946,5,5,6,8,10,14,15,15,15,15,15
GET,/get_data/325,25,25,5,7.779783679907268,2.963001999887638,18.881502999647637,46.0,0.041619584922030946,0.041619584922030946,5,9,10,13,16,17,19,19,19,19,19
GET,/get_data/326,20,20,6,7.418055049970462,3.0060999997658655,12.775293000231613,46.0,0.03329566793762476,0.03329566793762476,6,9,11,11,11,13,13,13,13,13,13
GET,/get_data/327,25,25,5,5.461753360104922,2.9263220003485912,9.901098999762326,46.0,0.041619584922030946,0.041619584922030946,5,6,6,7,8,10,10,10,10,10,10
GET,/get_data/328,30,30,5,7.156012466627241,3.0251190000853967,36.62426200025948,46.0,0.049943501906437135,0.049943501906437135,5,5,6,8,13,27,37,37,37,37,37
GET,/get_data/329,20,20,5,5.674257549935646,3.3031390003088745,12.058435999733774,46.0,0.03329566793762476,0.03329566793762476,5,6,7,8,11,12,12,12,12,12,12
GET,/get_data/33,100,0,5,5.950517829983255,3.144035999866901,27.288248999866482,99.0,0.16647833968812378,0.0,5,6,7,7,9,10,14,27,27,27,27
GET,/get_data/330,19,19,5,5.744560157836531,3.1478370001423173,14.630143000431417,46.0,0.03163088454074352,0.03163088454074352,5,6,7,7,9,15,15,15,15,15,15
GET,/get_data/331,14,14,6,5.758531785756661,3.359123999871372,9.268274000532983,46.0,0.023306967556337328,0.023306967556337328,6,6,6,7,8,9,9,9,9,9,9
GET,/get_data/332,21,21,6,7.9789902381110425,3.4221470004922594,28.28090000002703,46.0,0.034960451334505996,0.034960451334505996,6,7,8,9,12,19,28,28,28,28,28
GET,/get_data/333,12,12,7,7.9981935832620366,3.5836600000038743,13.80595299997367,46.0,0.019977400762574853,0.019977400762574853,7,8,11,11,14,14,14,14,14,14,14
GET,/get_data/334,18,18,5,5.415085055574309,3.662350000013248,7.853318999877956,46.0,0.02996610114386228,0.02996610114386228,5,6,6,7,8,8,8,8,8,8,8
GET,/get_data/335,17,17,6,9.127639823632576,3.1408320000991807,42.69593800017901,46.0,0.028301317746981042,0.028301317746981042,6,9,9,11,13,43,43,43,43,43,43
GET,/get_data/336,12,12,5,5.543439500039919,3.3444660002714954,8.759204999478243,46.0,0.019977400762574853,0.019977400762574853,5,6,7,7,8,9,9,9,9,9,9
GET,/get_data/337,22,22,5,5.196334909132102,2.9095610007061623,9.980898999856436,46.0,0.036625234731387235,0.036625234731387235,5,6,6,6,7,7,10,10,10,10,10
GET,/get_data/338,23,23,5,5.748363260903242,2.844601000106195,13.291111999933491,46.0,0.03829001812826847,0.03829001812826847,5,6,6,8,9,11,13,13,13,13,13
GET,/get_data/339,20,20,5,5.926202399996328,2.93051300013758,11.086196999713138,46.0,0.03329566793762476,0.03329566793762476,5,7,8,9,10,11,11,11,11,11,11
GET,/get_data/34,92,0,5,6.4297829239332875,2.6869000002989196,50.27761500014094,98.0,0.15316007251307387,0.0,5,6,6,7,8,10,27,50,50,50,50
GET,/get_data/340,11,11,6,6.568341545310184,4.03327599997283,10.01256800009287,46.0,0.018312617365693618,0.018312617365693618,6,7,9,9,10,10,10,10,10,10,10
GET,/get_data/341,19,19,5,5.6287158945691,3.338663000249653,8.714324000720808,46.0,0.03163088454074352,0.03163088454074352,5,6,7,7,8,9,9,9,9,9,9
GET,/get_data/342,19,19,5,5.8184941052738735,3.0464300007224665,14.51685499978339,46.0,0.03163088454074352,0.03163088454074352,5,5,7,8,11,15,15,15,15,15,15
GET,/get_data/343,19,19,6,10.077313263249572,3.230868000173359,66.79750100011006,46.0,0.03163088454074352,0.03163088454074352,6,6,8,12,17,67,67,67,67,67,67
GET,/get_data/344,14,14,5,5.611418214422364,3.5338659999979427,11.171455000294372,46.0,0.023306967556337328,0.023306967556337328,5,6,6,7,10,11,11,11,11,11,11
GET,/get_data/345,15,15,6,6.253214599989103,3.673540999443503,9.211391000462754,46.0,0.024971750953218567,0.024971750953218567,6,7,7,8,8,9,9,9,9,9,9
GET,/get_data/346,17,17,6,7.066179764799873,3.3749229996828944,15.260689000569982,46.0,0.028301317746981042,0.028301317746981042,6,9,9,11,12,15,15,15,15,15,15
GET,/get_data/347,14,14,6,5.683515714541239,3.028813000128139,10.132584000530187,46.0,0.023306967556337328,0.023306967556337328,6,6,6,8,9,10,10,10,10,10,10
GET,/get_data/348,13,13,5,5.346606615393494,3.5856719996445463,8.763069000451651,46.0,0.021642184159456093,0.021642184159456093,5,6,6,6,7,9,9,9,9,9,9
GET,/get_data/349,11,11,5,7.307029909001854,3.3526819997860002,24.146302999724867,46.0,0.018312617365693618,0.018312617365693618,5,6,7,7,11,24,24,24,24,24,24
GET,/get_data/35,97,0,5,5.837211092793294,3.1426509999619157,26.93056299995078,99.0,0.16148398949748008,0.0,5,6,6,6,8,12,15,27,27,27,27
GET,/get_data/350,20,20,6,6.046292550036014,3.527881000081834,13.499949000106426,46.0,0.03329566793762476,0.03329566793762476,6,7,7,7,8,13,13,13,13,13,13
GET,/get_data/351,9,9,8,8.187351444272887,3.0204260001482908,19.152088999362604,46.0,0.01498305057193114,0.01498305057193114,8,8,8,12,19,19,19,19,19,19,19
GET,/get_data/352,15,15,6,6.615908933478447,4.029429000183882,14.380552000147873,46.0,0.024971750953218567,0.024971750953218567,6,6,8,9,9,14,14,14,14,14,14
GET,/get_data/353,11,11,5,6.653595091021006,3.0093960003796383,15.027047999865317,46.0,0.018312617365693618,0.018312617365693618,5,7,9,9,10,15,15,15,15,15,15
GET,/get_data/354,9,9,5,5.26050366665408,4.108703999918362,7.087332999617502,46.0,0.01498305057193114,0.01498305057193114,5,5,5,7,7,7,7,7,7,7,7
GET,/get_data/355,11,11,4,5.199372272562124,3.409875000215834,11.05520799956139,46.0,0.018312617365693618,0.018312617365693618,4,5,5,5,9,11,11,11,11,11,11
GET,/get_data/356,11,11,5,6.698825090759121,3.4163679993071128,13.214842999332177,46.0,0.018312617365693618,0.018312617365693618,5,7,9,9,10,13,13,13,13,13,13
GET,/get_data/357,15,15,5,5.467627999981535,3.3204350002051797,8.096300000033807,46.0,0.024971750953218567,0.024971750953218567,5,6,6,6,8,8,8,8,8,8,8
GET,/get_data/358,19,19,5,6.2941627895366095,3.406193000046187,26.262510999913502,46.0,0.03163088454074352,0.03163088454074352,5,5,6,7,8,26,26,26,26,26,26
GET,/get_data/359,16,16,8,12.71993037505581,3.151808999973582,47.310605000348005,46.0,0.026636534350099807,0.026636534350099807,9,9,16,16,26,47,47,47,47,47,47
GET,/get_data/36,103,0,6,6.2657953786689635,2.9078680004204216,14.902109000104247,99.0,0.1714726898787675,0.0,6,6,7,7,9,11,12,15,15,15,15
GET,/get_data/360,13,13,5,8.53111607711281,3.381857000022137,32.171679000384756,46.0,0.021642184159456093,0.021642184159456093,5,6,6,11,18,32,32,32,32,32,32
GET,/get_data/361,9,9,5,5.050112555485005,3.578296000341652,8.670426000207954,46.0,0.01498305057193114,0.01498305057193114,5,5,5,5,9,9,9,9,9,9,9
GET,/get_data/362,16,16,5,7.152350625062809,3.0960470003265073,17.3621150006511,46.0,0.026636534350099807,0.026636534350099807,6,7,8,8,12,17,17,17,17,17,17
GET,/get_data/363,11,11,6,6.960762182064752,3.759070000342035,10.731144999226672,46.0,0.018312617365693618,0.018312617365693618,6,8,10,10,10,11,11,11,11,11,11
GET,/get_data/364,9,9,7,8.418863222282702,5.028751000281773,14.569701000255009,46.0,0.01498305057193114,0.01498305057193114,7,8,10,13,15,15,15,15,15,15,15
GET,/get_data/365,12,12,6,6.497745249968527,4.026772000543133,10.074765999888768,46.0,0.019977400762574853,0.019977400762574853,6,6,9,9,9,10,10,10,10,10,10
GET,/get_data/366,12,12,6,5.7178684999144025,3.2710799996493733,9.570754999913333,46.0,0.019977400762574853,0.019977400762574853,6,7,8,8,8,10,10,10,10,10,10
GET,/get_data/367,13,13,6,7.731942769169109,3.4522220003054827,15.906724000160466,46.0,0.021642184159456093,0.021642184159456093,6,7,11,12,14,16,16,16,16,16,16
GET,/get_data/368,10,10,5,6.130249400030152,3.510982999614498,11.110700000244833,46.0,0.01664783396881238,0.01664783396881238,5,7,8,9,11,11,11,11,11,11,11
GET,/get_data/369,7,7,6,8.637498142759016,2.938452000307734,28.83900500000891,46.0,0.011653483778168664,0.011653483778168664,6,7,8,8,29,29,29,29,29,29,29
GET,/get_data/37,94,0,5,5.635514691501622,2.818525000293448,13.591740999800095,99.0,0.15648963930683635,0.0,5,6,6,7,8,9,11,14,14,14,14
GET,/get_data/370,12,12,5,5.9291194166538235,3.6986819995945552,10.390188999735983,46.0,0.019977400762574853,0.019977400762574853,6,6,6,6,10,10,10,10,10,10,10
GET,/get_data/371,7,7,5,5.552299857039803,3.6497780001809588,11.159247000250616,46.0,0.011653483778168664,0.011653483778168664,5,5,6,6,11,11,11,11,11,11,11
GET,/get_data/372,8,8,8,8.086776875074975,3.632922999713628,14.26923400049418,46.0,0.013318267175049903,0.013318267175049903,8,8,12,12,14,14,14,14,14,14,14
GET,/get_data/373,4,4,4,5.548267999984091,2.9583329996967223,8.788201999777812,46.0,0.006659133587524952,0.006659133587524952,7,7,9,9,9,9,9,9,9,9,9
GET,/get_data/374,5,5,6,11.82973140021204,4.074323999702756,34.451474999514176,46.0,0.00832391698440619,0.00832391698440619,6,9,9,34,34,34,34,34,34,34,34
GET,/get_data/375,3,3,6,6.057500333554344,4.069126000104006,7.788050000272051,46.0,0.004994350190643713,0.004994350190643713,6,6,8,8,8,8,8,8,8,8,8
GET,/get_data/376,11,11,6,8.098060545638543,3.5531379999156343,32.61258100064879,46.0,0.018312617365693618,0.018312617365693618,6,7,7,7,9,33,33,33,33,33,33
GET,/get_data/377,3,3,5,4.789224333156501,4.276316999494156,5.4464760005430435,46.0,0.004994350190643713,0.004994350190643713,5,5,5,5,5,5,5,5,5,5,5
GET,/get_data/378,9,9,5,7.002284110967594,2.9419490001600934,13.413503999800014,46.0,0.01498305057193114,0.01498305057193114,5,7,10,11,13,13,13,13,13,13,13
GET,/get_data/379,10,10,5,6.5336163000210945,3.4904799995274516,12.530754000181332,46.0,0.01664783396881238,0.01664783396881238,6,7,7,11,13,13,13,13,13,13,13
GET,/get_data/38,90,0,5,5.474759955526072,2.9114029998709157,13.710082000216062,99.0,0.14983050571931142,0.0,5,5,6,6,8,9,12,14,14,14,14
GET,/get_data/380,9,9,6,6.719460777781529,4.714323999905901,15.88639800047531,46.0,0.01498305057193114,0.01498305057193114,6,6,6,7,16,16,16,16,16,16,16
GET,/get_data/381,4,4,5,6.420154000124967,4.781423000167706,8.812061000753602,46.0,0.006659133587524952,0.006659133587524952,7,7,9,9,9,9,9,9,9,9,9
GET,/get_data/382,7,7,5,14.270821285728223,3.5014360000786837,66.88741099969775,46.0,0.011653483778168664,0.011653483778168664,5,6,9,9,67,67,67,67,67,67,67
GET,/get_data/383,3,3,6,6.364927333379455,5.45197300016298,7.637132999661844,46.0,0.004994350190643713,0.004994350190643713,6,6,8,8,8,8,8,8,8,8,8
GET,/get_data/384,4,4,6,5.8695239999906335,5.708202000278106,6.180536000101711,46.0,0.006659133587524952,0.006659133587524952,6,6,6,6,6,6,6,6,6,6,6
GET,/get_data/385,3,3,6,6.2318243332507945,4.587324999192788,7.937499000036041,46.0,0.004994350190643713,0.004994350190643713,6,6,8,8,8,8,8,8,8,8,8
GET,/get_data/386,9,9,6,7.0123709998976365,4.118865999771515,11.311540000860987,46.0,0.01498305057193114,0.01498305057193114,6,7,10,10,11,11,11,11,11,11,11
GET,/get_data/387,2,2,5.0549409997984185,5.259933000161254,5.0549409997984185,5.46492500052409,46.0,0.003329566793762476,0.003329566793762476,5,5,5,5,5,5,5,5,5,5,5
GET,/get_data/388,3,3,5,4.716363333197175,3.649590999884822,5.493253000167897,46.0,0.004994350190643713,0.004994350190643713,5,5,5,5,5,5,5,5,5,5,5
GET,/get_data/389,3,3,4.045349000080023,5.231955333329097,4.045349000080023,7.411753999804205,46.0,0.004994350190643713,0.004994350190643713,4,4,7,7,7,7,7,7,7,7,7
GET,/get_data/39,98,1,5,6.061759755079855,2.929240999947069,37.77918000014324,99.44897959183673,0.1631487728943613,0.001664783396881238,5,6,6,7,10,11,17,38,38,38,38
GET,/get_data/390,7,7,7,7.058221428581289,3.4348110002611065,12.66666100036673,46.0,0.011653483778168664,0.011653483778168664,7,8,10,10,13,13,13,13,13,13,13
GET,/get_data/391,4,4,5,4.988302000128897,3.6385310004334315,6.978862999858393,46.0,0.006659133587524952,0.006659133587524952,5,5,7,7,7,7,7,7,7,7,7
GET,/get_data/392,4,4,4,5.03363799998624,3.99518700032786,6.725563000145485,46.0,0.006659133587524952,0.006659133587524952,5,5,7,7,7,7,7,7,7,7,7
GET,/get_data/393,3,3,5,5.059790333082977,4.096018999916851,6.10498700007156,46.0,0.004994350190643713,0.004994350190643713,5,5,6,6,6,6,6,6,6,6,6
GET,/get_data/394,2,2,5.072826000287023,6.736103499861201,5.072826000287023,8.39938099943538,46.0,0.003329566793762476,0.003329566793762476,8,8,8,8,8,8,8,8,8,8,8
GET,/get_data/395,3,3,4,4.446115333242536,3.1093059997147066,6.1699449997831834,46.0,0.004994350190643713,0.004994350190643713,4,4,6,6,6,6,6,6,6,6,6
GET,/get_data/396,2,2,5,4.980649500339496,4.571111000586825,5.3901880000921665,46.0,0.003329566793762476,0.003329566793762476,5,5,5,5,5,5,5,5,5,5,5
GET,/get_data/397,2,2,5.223627000304987,5.735922499752633,5.223627000304987,6.248217999200278,46.0,0.003329566793762476,0.003329566793762476,6,6,6,6,6,6,6,6,6,6,6
GET,/get_data/398,1,1,8.74965399998473,8.74965399998473,8.74965399998473,8.74965399998473,46.0,0.001664783396881238,0.001664783396881238,9,9,9,9,9,9,9,9,9,9,9
GET,/get_data/399,2,2,5.273486999612942,6.881080499624659,5.273486999612942,8.488673999636376,46.0,0.003329566793762476,0.003329566793762476,8,8,8,8,8,8,8,8,8,8,8
GET,/get_data/4,80,0,5,6.0271113999874615,2.921460999914416,31.6002849999677,99.0,0.13318267175049903,0.0,5,6,6,7,8,14,17,32,32,32,32
GET,/get_data/40,102,1,5,6.395503382388294,3.1228870002451004,49.33107899978495,99.47058823529412,0.16980790648188626,0.001664783396881238,5,6,6,7,8,10,29,36,49,49,49
GET,/get_data/400,5,5,5,7.203341400236241,4.018388000076811,14.964023000175075,46.0,0.00832391698440619,0.00832391698440619,5,8,8,15,15,15,15,15,15,15,15
GET,/get_data/406,1,1,5.247532000794308,5.247532000794308,5.247532000794308,5.247532000794308,46.0,0.001664783396881238,0.001664783396881238,5,5,5,5,5,5,5,5,5,5,5
GET,/get_data/408,1,1,6.5597259999776725,6.5597259999776725,6.5597259999776725,6.5597259999776725,46.0,0.001664783396881238,0.001664783396881238,7,7,7,7,7,7,7,7,7,7,7
GET,/get_data/41,81,0,5,5.844184666616288,2.6768640000227606,19.734006999897247,99.0,0.13484745514738028,0.0,5,6,6,7,8,10,17,20,20,20,20
GET,/get_data/410,1,1,5.380966999837256,5.380966999837256,5.380966999837256,5.380966999837256,46.0,0.001664783396881238,0.001664783396881238,5,5,5,5,5,5,5,5,5,5,5
GET,/get_data/42,103,0,6,6.3995056407867255,2.8861169998890546,22.466321000138123,97.0,0.1714726898787675,0.0,6,6,7,7,9,13,18,19,22,22,22
GET,/get_data/43,81,0,5,5.6370967777745395,2.9350969998631626,14.60166599963486,99.0,0.13484745514738028,0.0,5,6,6,7,8,9,13,15,15,15,15
GET,/get_data/44,96,1,5,6.144616624998396,2.9163509998397785,21.540740999625996,99.4375,0.15981920610059883,0.001664783396881238,5,6,7,7,9,13,18,22,22,22,22
GET,/get_data/45,90,1,5,5.667222655539364,2.925491000041802,12.449611000192817,99.4,0.14983050571931142,0.001664783396881238,5,6,6,7,8,9,10,12,12,12,12
GET,/get_data/46,85,1,5,5.62195787063983,3.0903209999451065,13.404236999576824,99.36470588235294,0.1415065887349052,0.001664783396881238,5,6,6,7,8,8,11,13,13,13,13
GET,/get_data/47,89,2,5,5.909614617961411,2.814732999922853,27.382474999740225,98.78651685393258,0.14816572232243017,0.003329566793762476,5,5,6,6,8,12,27,27,27,27,27
GET,/get_data/48,81,1,6,7.032416629606163,2.8248779999557883,30.75465800020538,98.34567901234568,0.13484745514738028,0.001664783396881238,6,7,7,8,11,17,26,31,31,31,31
GET,/get_data/49,109,3,5,6.176348651341526,2.500841999790282,37.497921000067436,98.5137614678899,0.18146139026005492,0.004994350190643713,5,6,6,7,7,9,20,29,37,37,37
GET,/get_data/5,112,0,5,5.914635910739564,2.901114999986021,22.648038000170345,97.0,0.18645574045069863,0.0,5,6,7,7,8,11,16,21,23,23,23
GET,/get_data/50,97,6,5,6.1174569587519825,3.260433999912493,44.32885200003511,96.65979381443299,0.16148398949748008,0.009988700381287427,5,6,6,6,7,11,21,44,44,44,44
GET,/get_data/51,92,1,5,6.866469880428074,2.900320000208012,29.40296600036163,98.42391304347827,0.15316007251307387,0.001664783396881238,5,6,7,7,10,21,29,29,29,29,29
GET,/get_data/52,89,0,5,6.669993977559417,3.1286690000342787,69.01152699992963,99.0,0.14816572232243017,0.0,5,6,6,7,9,11,30,69,69,69,69
GET,/get_data/53,95,1,5,6.27017329472533,2.841628999703971,52.22415699972771,98.4421052631579,0.1581544227037176,0.001664783396881238,5,6,6,7,8,10,21,52,52,52,52
GET,/get_data/54,86,0,5,5.828699360473514,2.643244999944727,13.136752000264096,99.0,0.14317137213178646,0.0,5,6,6,7,8,10,11,13,13,13,13
GET,/get_data/55,98,4,5,6.498053244935623,3.0006050001247786,32.20740599999772,97.79591836734694,0.1631487728943613,0.006659133587524952,5,6,6,7,9,14,29,32,32,32,32
GET,/get_data/56,73,1,6,6.176976972598561,3.2024689999161637,28.200994999679097,97.28767123287672,0.12152918797233037,0.001664783396881238,6,6,7,7,8,12,15,28,28,28,28
GET,/get_data/57,76,0,5,7.604568605224334,2.9053200000817014,66.92736300010438,100.0,0.12652353816297407,0.0,5,6,7,7,13,17,52,67,67,67,67
GET,/get_data/58,95,7,5,5.859561126353104,2.9158110000935267,41.07573700002831,96.02105263157895,0.1581544227037176,0.011653483778168664,5,6,6,6,7,10,17,41,41,41,41
GET,/get_data/59,89,6,5,6.695563123562505,2.9065679996165272,44.98766000051546,96.35955056179775,0.14816572232243017,0.009988700381287427,5,6,6,7,10,15,34,45,45,45,45
GET,/get_data/6,85,0,5,5.65418055295381,3.088130999913119,18.85664600013115,97.0,0.1415065887349052,0.0,5,6,6,6,8,10,14,19,19,19,19
GET,/get_data/60,87,6,5,6.687647965500427,2.6159730000472337,31.794901000012032,95.34482758620689,0.1448361555286677,0.009988700381287427,5,6,7,7,11,20,26,32,32,32,32
GET,/get_data/61,82,0,5,6.489941951269607,2.5883199996314943,35.467745999994804,99.0,0.1365122385442615,0.0,6,6,7,7,9,11,35,35,35,35,35
GET,/get_data/62,92,5,5,6.303272217391879,2.8206050001244876,36.81647199937288,97.06521739130434,0.15316007251307387,0.00832391698440619,5,6,6,7,9,11,29,37,37,37,37
GET,/get_data/63,106,4,5,5.806145632067335,2.974519999952463,23.078141000041796,96.0377358490566,0.17646704006941122,0.006659133587524952,5,6,6,7,8,9,11,15,23,23,23
GET,/get_data/64,88,6,5,5.6324406818568855,2.9667160001736192,27.584366999690246,95.38636363636364,0.14650093892554894,0.009988700381287427,5,5,6,6,8,9,19,28,28,28,28
GET,/get_data/65,98,6,5,5.770261938750434,3.0416489998970064,24.72901599958277,96.6938775510204,0.1631487728943613,0.009988700381287427,5,5,6,6,9,11,16,25,25,25,25
GET,/get_data/66,88,4,5,6.732732647704283,2.927708000243001,25.754767999842443,94.68181818181819,0.14650093892554894,0.006659133587524952,5,6,7,7,12,16,23,26,26,26,26
GET,/get_data/67,76,2,5,6.05161740788605,3.041543000108504,31.396633999975165,98.57894736842105,0.12652353816297407,0.003329566793762476,5,6,7,7,8,10,19,31,31,31,31
GET,/get_data/68,97,4,5,5.640369319561867,2.9481370002031326,16.64421500026947,97.77319587628865,0.16148398949748008,0.006659133587524952,5,6,6,6,8,10,15,17,17,17,17
GET,/get_data/69,87,4,5,6.379152781621882,2.9901899997639703,36.16097800022544,96.5632183908046,0.1448361555286677,0.006659133587524952,5,6,6,6,9,13,29,36,36,36,36
GET,/get_data/7,95,0,5,6.6451289683946495,3.169903000070917,37.44591400027275,97.0,0.1581544227037176,0.0,5,6,6,7,9,15,34,37,37,37,37
GET,/get_data/70,88,5,5,5.6880809431731905,3.0491570000776846,15.05698900018615,95.98863636363636,0.14650093892554894,0.00832391698440619,5,6,6,7,8,9,13,15,15,15,15
GET,/get_data/71,83,3,5,5.786819060242387,3.0329759997584915,15.174751999893488,97.08433734939759,0.13817702194114273,0.004994350190643713,5,6,6,7,9,10,11,15,15,15,15
GET,/get_data/72,92,2,5,6.0584918586874155,2.8601150002032227,24.782544000117923,97.84782608695652,0.15316007251307387,0.003329566793762476,5,6,6,7,8,15,23,25,25,25,25
GET,/get_data/73,86,2,5,5.900474546563622,2.808354000080726,40.23023999980069,97.76744186046511,0.14317137213178646,0.003329566793762476,5,6,6,7,9,10,12,40,40,40,40
GET,/get_data/74,84,8,5,5.542540273809426,2.925881000010122,14.738805999968463,94.85714285714286,0.13984180533802398,0.013318267175049903,5,6,6,7,8,9,12,15,15,15,15
GET,/get_data/75,96,4,5,6.80937947914136,2.90038699949946,40.0986840004407,96.79166666666667,0.15981920610059883,0.006659133587524952,6,6,7,7,9,20,35,40,40,40,40
GET,/get_data/76,99,9,5,6.130734232299048,2.8985529997953563,21.289641999828746,94.18181818181819,0.16481355629124256,0.01498305057193114,5,6,7,7,9,15,21,21,21,21,21
GET,/get_data/77,94,11,5,5.806624989374657,3.0571830002372735,24.92048000021896,93.68085106382979,0.15648963930683635,0.018312617365693618,5,6,6,7,8,9,17,25,25,25,25
GET,/get_data/78,65,4,5,6.096075846170816,2.5530839998282318,32.32906399989588,95.73846153846154,0.10821092079728047,0.006659133587524952,5,5,6,7,8,10,28,32,32,32,32
GET,/get_data/79,78,6,5,6.9627495000088695,2.789978999771847,129.15088499994454,94.92307692307692,0.12985310495673655,0.009988700381287427,5,6,6,7,7,10,12,130,130,130,130
GET,/get_data/8,108,0,5,5.953351731481807,3.1737559997964127,25.098388000060368,98.0,0.1797966068631737,0.0,5,6,6,6,8,10,20,22,25,25,25
GET,/get_data/80,86,9,5,5.729801465164666,2.8602940001292154,14.336841000385903,94.34883720930233,0.14317137213178646,0.01498305057193114,5,6,6,7,8,10,10,14,14,14,14
GET,/get_data/81,73,4,6,6.803637027382113,3.0250680001699948,31.992283999898063,96.0958904109589,0.12152918797233037,0.006659133587524952,6,6,7,7,9,11,31,32,32,32,32
GET,/get_data/82,73,6,5,6.879677835638164,2.7245530000072904,41.113077999852976,95.56164383561644,0.12152918797233037,0.009988700381287427,5,6,7,7,10,15,33,41,41,41,41
GET,/get_data/83,92,3,5,5.631039652139012,2.609840000332042,16.72333600026832,96.30434782608695,0.15316007251307387,0.004994350190643713,5,6,6,7,8,8,15,17,17,17,17
GET,/get_data/84,75,5,5,5.84728145333429,2.6895340001829027,34.69172299992351,95.46666666666667,0.12485875476609284,0.00832391698440619,5,6,7,7,9,10,12,35,35,35,35
GET,/get_data/85,87,3,5,6.303673482782859,2.741693000189116,28.746962000241183,97.17241379310344,0.1448361555286677,0.004994350190643713,5,6,7,7,8,15,19,29,29,29,29
GET,/get_data/86,81,6,6,8.239377987693944,2.752119999968272,117.60977400035699,96.0,0.13484745514738028,0.009988700381287427,6,7,8,9,11,16,25,120,120,120,120
GET,/get_data/87,81,3,6,6.374960407423782,3.16179200035549,13.991559999794845,96.07407407407408,0.13484745514738028,0.004994350190643713,6,6,7,8,9,12,13,14,14,14,14
GET,/get_data/88,67,6,5,5.698981537290223,2.592355999695428,18.09722200005126,93.34328358208955,0.11154048759104293,0.009988700381287427,5,6,6,7,8,9,11,18,18,18,18
GET,/get_data/89,85,4,5,5.9568996470314985,2.917412999977387,20.649271000365843,95.55294117647058,0.1415065887349052,0.006659133587524952,5,6,7,7,9,12,17,21,21,21,21
GET,/get_data/9,93,0,5,7.1413319677352165,3.1693909995738068,53.345390000686166,98.0,0.15482485590995512,0.0,5,6,6,7,11,25,28,53,53,53,53
GET,/get_data/90,92,8,5,7.501585630467636,2.8014029999212653,145.8809740001925,95.30434782608695,0.15316007251307387,0.013318267175049903,5,5,6,7,8,16,22,150,150,150,150
GET,/get_data/91,79,5,5,7.859494303789412,3.268091000336426,145.45169099983468,94.70886075949367,0.1315178883536178,0.00832391698440619,5,6,7,7,9,14,16,150,150,150,150
GET,/get_data/92,70,3,6,6.328107699995859,2.7346099996066187,23.452443999758543,97.68571428571428,0.11653483778168665,0.004994350190643713,6,6,6,7,10,12,16,23,23,23,23
GET,/get_data/93,72,5,5,6.096174944439604,2.898881999499281,24.853270000221528,94.38888888888889,0.11986440457544913,0.00832391698440619,5,6,6,7,8,12,16,25,25,25,25
GET,/get_data/94,84,6,6,6.888476785742829,2.773890000753454,53.81321599998046,94.28571428571429,0.13984180533802398,0.009988700381287427,6,7,7,8,10,11,28,54,54,54,54
GET,/get_data/95,78,6,5,6.868125230673682,3.1149530000220693,31.042498999795498,95.84615384615384,0.12985310495673655,0.009988700381287427,5,6,6,7,12,18,30,31,31,31,31
GET,/get_data/96,73,8,5,5.650539438348671,3.135217999897577,20.02444400022796,94.08219178082192,0.12152918797233037,0.013318267175049903,5,6,6,6,7,10,12,20,20,20,20
GET,/get_data/97,82,11,5,6.269630768284936,3.0796729997746297,25.973049999720388,92.7560975609756,0.1365122385442615,0.018312617365693618,5,6,7,7,8,10,23,26,26,26,26
GET,/get_data/98,57,7,6,5.693581912222918,2.9964800000925607,13.853593999556324,92.49122807017544,0.09489265362223055,0.011653483778168664,6,6,6,7,8,9,10,14,14,14,14
GET,/get_data/99,73,13,5,6.042077547939299,2.8301739998823905,30.29384299998128,90.38356164383562,0.12152918797233037,0.021642184159456093,5,6,7,7,9,10,12,30,30,30,30
,Aggregated,21107,5977,5,6.465887814326855,2.463160999923275,150.36926300035702,84.17221774766665,35.138583157972285,9.95041036315916,5,6,7,7,9,12,20,28,60,150,150
