Type,Name,Request Count,Failure Count,Median Response Time,Average Response Time,Min Response Time,Max Response Time,Average Content Size,Requests/s,Failures/s,50%,66%,75%,80%,90%,95%,98%,99%,99.9%,99.99%,100%
GET,/get_data/1,125,0,6,7.35842925601537,2.9324659999474534,29.692974000226968,93.528,0.10411584463529065,0.0,6,7,8,9,12,15,22,27,30,30,30
GET,/get_data/10,132,0,6,8.88205746969623,3.299651999896014,67.21028900028614,120.63636363636364,0.10994633193486693,0.0,6,7,9,10,14,29,43,45,67,67,67
GET,/get_data/100,128,0,6,7.541212656279939,2.6110789999620465,47.94583300008526,122.3046875,0.10661462490653763,0.0,6,7,9,9,12,13,23,32,48,48,48
GET,/get_data/101,136,0,6,8.084856963220693,2.5798440001381095,48.15775899987784,121.28676470588235,0.11327803896319623,0.0,6,7,8,9,13,22,38,41,48,48,48
GET,/get_data/102,116,0,6,7.502164120678807,2.511017999950127,39.37192000012146,122.22413793103448,0.09661950382154973,0.0,6,7,8,8,12,15,28,31,39,39,39
GET,/get_data/103,119,0,6,7.940692268927988,2.6465439998446527,57.995002000097884,121.43697478991596,0.0991182840927967,0.0,6,7,8,9,12,18,42,43,58,58,58
GET,/get_data/104,120,0,6,7.874456724994161,3.183652999723563,47.4505339998359,120.21666666666667,0.09995121084987903,0.0,6,7,8,9,11,24,33,37,47,47,47
GET,/get_data/105,151,0,7,9.01758056953374,2.477876999819273,62.58531000003131,123.60264900662251,0.12577194031943112,0.0,7,8,9,10,16,24,45,57,63,63,63
GET,/get_data/106,117,0,7,7.469587923039328,2.3283669997908873,40.983967000101984,122.22222222222223,0.09745243057863205,0.0,7,7,8,9,10,15,17,24,41,41,41
GET,/get_data/107,141,0,6,6.989032787214778,2.80140399991069,21.10155099990152,121.18439716312056,0.11744267274860785,0.0,6,7,8,8,10,13,19,19,21,21,21
GET,/get_data/108,139,0,6,7.498518165467961,2.805718999979945,55.142440000054194,121.46762589928058,0.1157768192344432,0.0,6,7,8,8,11,13,27,51,55,55,55
GET,/get_data/109,129,0,6,7.69984398448463,2.5045150000551075,44.85245500018209,121.6046511627907,0.10744755166361995,0.0,6,7,8,9,11,14,34,38,45,45,45
GET,/get_data/11,143,0,6,7.533180608388139,2.556084999923769,48.82485100006306,122.92307692307692,0.1191085262627725,0.0,6,7,8,9,12,15,27,31,49,49,49
GET,/get_data/110,120,0,6,9.243344058309807,2.745879000030982,59.77238900004522,121.43333333333334,0.09995121084987903,0.0,6,8,10,11,16,32,42,52,60,60,60
GET,/get_data/111,126,0,6,8.240727857120932,2.748793000137084,86.26739900000757,123.30952380952381,0.10494877139237298,0.0,6,7,8,8,13,16,37,42,86,86,86
GET,/get_data/112,150,0,6,7.891704953335648,2.840317999925901,70.15010200029792,121.26,0.12493901356234878,0.0,6,7,8,8,11,16,37,67,70,70,70
GET,/get_data/113,124,0,6,7.441909870954811,2.5433529999645543,26.427019000038854,121.31451612903226,0.10328291787820833,0.0,6,8,8,9,12,14,21,24,26,26,26
GET,/get_data/114,140,0,6,7.65896475713654,3.020237000328052,42.46048899995003,120.18571428571428,0.11660974599152553,0.0,6,7,8,9,11,19,26,28,42,42,42
GET,/get_data/115,147,0,6,8.14330129251206,2.4978989999908663,73.48154999999679,121.26530612244898,0.1224402332911018,0.0,6,7,8,9,12,16,40,44,73,73,73
GET,/get_data/116,129,0,6,6.801909899232394,2.4938629999269324,24.316410000210453,122.30232558139535,0.10744755166361995,0.0,6,7,8,8,10,11,16,20,24,24,24
GET,/get_data/117,122,0,6,8.042924918031456,2.6465870000720315,53.042808000100194,121.42622950819673,0.10161706436404368,0.0,6,8,8,9,11,14,35,46,53,53,53
GET,/get_data/118,132,0,6,7.692631196987625,3.1770030000188854,43.41695899984188,122.39393939393939,0.10994633193486693,0.0,6,7,8,9,13,16,21,27,43,43,43
GET,/get_data/119,131,0,7,8.706983923676344,2.8010819999053638,45.92449999972814,123.3969465648855,0.1091134051777846,0.0,7,8,9,10,14,22,37,41,46,46,46
GET,/get_data/12,137,0,6,7.347217525540497,2.6860130001296056,27.974673000244366,123.7007299270073,0.11411096572027855,0.0,6,7,8,9,12,17,27,27,28,28,28
GET,/get_data/120,128,0,6,8.225424132838555,2.9251210003167216,57.906948999971064,122.3046875,0.10661462490653763,0.0,6,7,9,10,15,18,24,49,58,58,58
GET,/get_data/121,112,0,6,6.589827937503401,2.75606000013795,18.32355099986671,121.58035714285714,0.09328779679322043,0.0,6,7,7,8,10,13,15,16,18,18,18
GET,/get_data/122,136,0,6,8.630265058831597,2.8972160002922465,40.49067699997977,121.19117647058823,0.11327803896319623,0.0,7,8,10,11,15,21,29,36,40,40,40
GET,/get_data/123,142,0,6,8.147826542242488,2.8043450001860037,44.20297100023163,121.45774647887323,0.11827559950569018,0.0,6,7,8,9,13,22,33,39,44,44,44
GET,/get_data/124,115,0,7,8.176704452169202,2.528494999751274,45.05810200043925,121.11304347826086,0.0957865770644674,0.0,7,8,8,10,13,16,27,37,45,45,45
GET,/get_data/125,123,0,6,7.798681878059171,2.3514419999628444,81.63102400021671,123.21138211382114,0.102449991121126,0.0,6,8,8,9,11,15,19,21,82,82,82
GET,/get_data/126,119,0,6,8.666303050381238,2.73693799999819,69.66557799978546,122.76470588235294,0.0991182840927967,0.0,6,8,8,9,11,18,51,67,70,70,70
GET,/get_data/127,136,0,6,7.756368757350843,2.8928299998369766,45.8235109999805,122.19117647058823,0.11327803896319623,0.0,6,8,9,9,12,13,27,38,46,46,46
GET,/get_data/128,134,0,6,9.295157485095178,3.3737439998731134,60.67842499987819,121.67910447761194,0.11161218544903158,0.0,6,7,9,10,16,22,57,57,61,61,61
GET,/get_data/129,129,0,6,7.617602519370524,2.42156599961163,33.265543000197795,122.40310077519379,0.10744755166361995,0.0,6,7,8,9,14,18,23,24,33,33,33
GET,/get_data/13,128,0,7,8.477155726568597,2.575514000000112,79.00068000026295,122.84375,0.10661462490653763,0.0,7,8,9,10,14,20,33,39,79,79,79
GET,/get_data/130,126,0,6,8.377046349201082,3.4804070000973297,38.260052999703476,121.61904761904762,0.10494877139237298,0.0,6,7,8,9,16,25,37,38,38,38,38
GET,/get_data/131,131,0,6,7.833745541998404,2.7170630000910023,32.93336199976693,123.69465648854961,0.1091134051777846,0.0,6,8,9,10,13,15,27,28,33,33,33
GET,/get_data/132,129,0,7,8.81181579845093,2.9844230000435346,49.362744000063685,122.2015503875969,0.10744755166361995,0.0,7,8,9,10,15,24,33,38,49,49,49
GET,/get_data/133,115,0,7,8.552048104352055,2.5425189996894915,70.54069500009064,122.3391304347826,0.0957865770644674,0.0,7,8,9,9,13,16,37,44,71,71,71
GET,/get_data/134,118,0,7,7.319148788152018,2.6459910000085074,19.977906999884,121.55084745762711,0.09828535733571438,0.0,7,8,8,9,11,13,16,17,20,20,20
GET,/get_data/135,109,0,7,7.29621631191774,3.258196999922802,29.668810999737616,121.59633027522936,0.09078901652197345,0.0,7,7,8,8,10,14,19,25,30,30,30
GET,/get_data/136,125,0,6,8.445503296054085,3.5377700000935874,69.00876999998218,121.312,0.10411584463529065,0.0,6,8,9,9,13,22,30,33,69,69,69
GET,/get_data/137,135,0,6,8.948634859246306,2.9669259997717745,61.53993299994909,122.28888888888889,0.1124451122061139,0.0,6,7,8,9,13,26,60,61,62,62,62
GET,/get_data/138,121,0,6,9.020062355343613,2.551408000272204,64.39062399977047,121.64462809917356,0.10078413760696135,0.0,6,7,8,9,14,19,59,62,64,64,64
GET,/get_data/139,120,0,7,9.259986899993086,2.6590229999783332,56.25134999991133,121.86666666666666,0.09995121084987903,0.0,7,8,9,9,18,35,50,52,56,56,56
GET,/get_data/14,141,0,6,7.89895360995899,2.6264960001753934,62.27271300031134,122.59574468085107,0.11744267274860785,0.0,6,8,8,9,12,14,31,45,62,62,62
GET,/get_data/140,124,0,6,6.946868249980848,2.5346289999106375,33.530538999912096,123.62903225806451,0.10328291787820833,0.0,6,7,8,8,10,13,23,26,34,34,34
GET,/get_data/141,123,0,6,7.304517512194452,2.85933000031946,25.15756999991936,122.42276422764228,0.102449991121126,0.0,6,8,9,9,12,14,19,21,25,25,25
GET,/get_data/142,125,0,7,8.631162783978652,2.4023959999794897,49.06562099995426,122.104,0.10411584463529065,0.0,7,8,8,9,13,18,36,48,49,49,49
GET,/get_data/143,125,0,6,8.170035087987344,3.144954000163125,45.80432600005224,121.208,0.10411584463529065,0.0,6,7,8,9,14,20,33,35,46,46,46
GET,/get_data/144,110,0,7,7.598573036342383,2.997325000251294,28.12120499993398,122.23636363636363,0.09162194327905578,0.0,7,8,9,9,11,15,18,26,28,28,28
GET,/get_data/145,119,0,6,7.442500588253739,2.908662999743683,37.898527000379545,122.76470588235294,0.0991182840927967,0.0,6,7,8,9,11,14,20,24,38,38,38
GET,/get_data/146,117,0,6,7.793299760704839,2.9340070000216656,37.26314000005004,122.0,0.09745243057863205,0.0,6,7,8,9,13,19,22,27,37,37,37
GET,/get_data/147,117,0,6,8.310672256386216,3.413965999698121,44.14869899983387,122.55555555555556,0.09745243057863205,0.0,6,7,9,9,13,20,36,38,44,44,44
GET,/get_data/148,114,0,6,7.666042885958041,2.992816000187304,36.31891999975778,122.34210526315789,0.09495365030738508,0.0,6,7,8,8,11,14,28,36,36,36,36
GET,/get_data/149,128,0,6,8.659143421878568,2.433598000152415,47.60847699981241,122.3046875,0.10661462490653763,0.0,7,8,9,10,16,24,37,41,48,48,48
GET,/get_data/15,121,0,6,7.96791127271537,2.8990379998958815,51.31585500021174,123.98347107438016,0.10078413760696135,0.0,6,7,8,9,14,18,29,35,51,51,51
GET,/get_data/150,144,0,6,7.870825409739268,2.730364000171903,49.896820000412845,121.45138888888889,0.11994145301985483,0.0,6,7,8,8,12,14,38,43,50,50,50
GET,/get_data/151,125,0,6,7.253648191974207,3.006759000072634,30.606576000081986,123.728,0.10411584463529065,0.0,6,7,8,9,12,15,18,24,31,31,31
GET,/get_data/152,123,0,6,8.963320406496493,2.9268529997352744,53.99684400026672,119.3170731707317,0.102449991121126,0.0,6,7,8,9,14,27,40,54,54,54,54
GET,/get_data/153,116,0,6,7.713769681004123,2.8492830001596303,30.087043000094127,122.33620689655173,0.09661950382154973,0.0,6,7,8,9,12,15,24,29,30,30,30
GET,/get_data/154,116,0,7,8.862372775861958,2.655857000263495,70.23362800009636,121.67241379310344,0.09661950382154973,0.0,7,8,9,10,13,21,35,48,70,70,70
GET,/get_data/155,105,0,6,7.175333095227914,2.6188809999894147,24.247010000181035,120.4952380952381,0.08745730949364415,0.0,6,7,8,8,11,16,18,22,24,24,24
GET,/get_data/156,122,0,7,7.4354074426414405,2.6431380001668003,22.99306900022202,121.21311475409836,0.10161706436404368,0.0,7,7,9,9,11,17,19,22,23,23,23
GET,/get_data/157,119,0,6,8.467537033605849,3.1497439999839116,77.105782000217,122.21848739495799,0.0991182840927967,0.0,6,8,9,9,13,17,31,68,77,77,77
GET,/get_data/158,133,0,6,9.091188999999096,2.9838030000064464,76.7003939999995,122.58646616541354,0.11077925869194925,0.0,6,8,10,11,19,22,28,58,77,77,77
GET,/get_data/159,98,0,6,8.410880602011684,2.8869390000636486,66.02620899957401,121.26530612244898,0.08162682219406787,0.0,6,7,9,9,14,19,38,66,66,66,66
GET,/get_data/16,142,0,6,8.643712429530547,2.822586000092997,51.04545899985169,122.84507042253522,0.11827559950569018,0.0,6,7,9,10,15,21,48,50,51,51,51
GET,/get_data/160,114,0,6,7.729033728082868,3.0866489996697055,50.35592300009739,121.6842105263158,0.09495365030738508,0.0,6,8,9,9,11,14,21,26,50,50,50
GET,/get_data/161,130,0,6,8.589757438457687,2.726807000271947,58.361450000120385,122.5,0.10828047842070228,0.0,6,8,8,8,12,24,41,50,58,58,58
GET,/get_data/162,123,0,6,7.669589796764777,3.2602769997538417,31.138636999912706,123.42276422764228,0.102449991121126,0.0,6,7,8,9,12,17,21,23,31,31,31
GET,/get_data/163,102,0,6,7.903674186269093,2.876653999919654,81.08336799978133,122.38235294117646,0.08495852922239717,0.0,6,7,8,9,10,15,23,25,81,81,81
GET,/get_data/164,105,0,6,8.730899609556564,3.426392999699601,92.02601600009075,120.37142857142857,0.08745730949364415,0.0,6,8,8,10,13,15,35,50,92,92,92
GET,/get_data/165,100,0,7,7.674682649990245,3.15516699993168,26.244799999858515,122.13,0.08329267570823252,0.0,7,8,9,9,12,17,26,26,26,26,26
GET,/get_data/166,110,0,6,8.633705018163793,2.6512079998610716,47.6414320000913,120.23636363636363,0.09162194327905578,0.0,6,8,9,10,14,24,30,39,48,48,48
GET,/get_data/167,106,0,6,7.330138688689229,3.375479999704112,38.01848800003427,121.61320754716981,0.08829023625072648,0.0,6,7,8,9,11,13,19,26,38,38,38
GET,/get_data/168,95,0,6,7.864411905311978,2.958820999992895,41.57872399991902,120.54736842105264,0.0791280419228209,0.0,6,7,8,11,14,19,25,42,42,42,42
GET,/get_data/169,119,0,7,7.787127109244496,2.541150000070047,47.83730600001945,121.21848739495799,0.0991182840927967,0.0,7,8,9,10,13,15,20,33,48,48,48
GET,/get_data/17,143,0,6,8.593524825149794,2.898372000117888,49.389397999675566,123.0909090909091,0.1191085262627725,0.0,6,7,8,9,16,23,42,48,49,49,49
GET,/get_data/170,122,0,6,7.615208565569253,2.084405000005063,39.57539800012455,121.42622950819673,0.10161706436404368,0.0,6,7,8,9,13,18,20,22,40,40,40
GET,/get_data/171,118,0,6,8.446208050877507,3.0546350003533007,41.08349900025132,122.55084745762711,0.09828535733571438,0.0,6,8,9,9,16,23,32,38,41,41,41
GET,/get_data/172,130,0,7,7.778534130766975,2.8260550002414675,38.74881799993091,120.2,0.10828047842070228,0.0,7,8,9,10,12,16,22,22,39,39,39
GET,/get_data/173,109,0,7,9.731897513754346,2.6655530000425642,47.06333700005416,122.35779816513761,0.09078901652197345,0.0,7,9,10,11,19,32,40,47,47,47,47
GET,/get_data/174,100,0,6,8.338740609983688,3.1615200000487675,63.70408699967811,121.39,0.08329267570823252,0.0,6,7,9,10,12,17,41,64,64,64,64
GET,/get_data/175,114,0,7,9.542553833326613,3.7290589998519863,50.52528099986375,122.0,0.09495365030738508,0.0,7,8,9,9,13,36,48,49,51,51,51
GET,/get_data/176,107,0,6,7.554663355124397,2.6158820001001004,38.5955090000607,119.72897196261682,0.0891231630078088,0.0,6,7,8,9,12,13,30,32,39,39,39
GET,/get_data/177,114,0,7,7.521504359665574,2.9261780000524595,42.010546000256,121.2280701754386,0.09495365030738508,0.0,7,7,8,9,11,13,19,20,42,42,42
GET,/get_data/178,123,0,6,7.041519609743788,2.5616390003051492,26.352921000125207,121.73983739837398,0.102449991121126,0.0,6,7,8,8,10,15,18,26,26,26,26
GET,/get_data/179,103,0,6,7.942109427187584,3.6442549999264884,38.977860000159126,121.75728155339806,0.0857914559794795,0.0,6,7,8,10,13,14,21,24,39,39,39
GET,/get_data/18,133,0,6,7.0090239924777284,2.7797450002253754,39.935185999638634,121.54135338345864,0.11077925869194925,0.0,6,7,8,8,10,14,21,22,40,40,40
GET,/get_data/180,114,0,6,8.11613823683282,3.136547999929462,44.9519409999084,121.5701754385965,0.09495365030738508,0.0,6,7,9,10,13,24,30,41,45,45,45
GET,/get_data/181,114,0,6,8.897920271940102,2.702338000290183,59.40121599996928,121.45614035087719,0.09495365030738508,0.0,6,7,9,10,14,19,53,57,59,59,59
GET,/get_data/182,102,0,6,8.328389980400008,3.064929000174743,71.13035199972728,122.63725490196079,0.08495852922239717,0.0,6,8,8,9,11,15,34,49,71,71,71
GET,/get_data/183,96,0,6,7.627813989581493,2.797695000026579,38.41633999991245,122.54166666666667,0.07996096867990322,0.0,6,8,9,9,11,15,24,38,38,38,38
GET,/get_data/184,124,0,6,8.93535716128583,2.2709500003657013,80.74571599991032,122.41935483870968,0.10328291787820833,0.0,6,7,8,9,15,22,39,67,81,81,81
GET,/get_data/185,111,0,6,7.364235252262498,3.058450000025914,57.86087199976464,121.11711711711712,0.0924548700361381,0.0,6,7,9,9,11,15,19,23,58,58,58
GET,/get_data/186,103,0,6,8.098868679633032,3.007019000051514,98.99926699972639,122.50485436893204,0.0857914559794795,0.0,6,7,8,9,11,17,30,36,99,99,99
GET,/get_data/187,116,0,7,8.585732318947677,3.3002589998432086,50.51860999992641,122.5603448275862,0.09661950382154973,0.0,7,8,10,10,13,24,24,34,51,51,51
GET,/get_data/188,117,0,6,9.039869076919148,3.4945129996231117,77.14005700017879,121.33333333333333,0.09745243057863205,0.0,6,8,10,10,14,25,31,43,77,77,77
GET,/get_data/189,91,0,6,7.45592697804958,2.87832799995158,37.818178000179614,123.85714285714286,0.0757963348944916,0.0,6,7,8,8,12,13,21,38,38,38,38
GET,/get_data/19,141,0,6,7.252347212767184,2.6159330000155023,62.90838700033419,122.1063829787234,0.11744267274860785,0.0,6,7,7,9,11,12,25,37,63,63,63
GET,/get_data/190,114,0,7,8.440329289466096,3.0094510002527386,32.65010799987067,123.5701754385965,0.09495365030738508,0.0,7,8,9,10,13,18,29,32,33,33,33
GET,/get_data/191,108,0,7,8.79015987964572,3.498126000067714,31.723882000278536,122.36111111111111,0.08995608976489113,0.0,7,8,9,11,16,24,30,30,32,32,32
GET,/get_data/192,101,0,6,9.073063673256028,3.032765999705589,80.40312499997526,121.38613861386139,0.08412560246531485,0.0,6,8,10,10,14,20,31,33,80,80,80
GET,/get_data/193,114,0,6,8.189066780715349,3.070277000006172,46.20105499998317,122.2280701754386,0.09495365030738508,0.0,7,7,9,9,13,21,22,31,46,46,46
GET,/get_data/194,114,0,6,8.904028008772544,2.9551460002039676,46.17950700003348,119.2280701754386,0.09495365030738508,0.0,6,8,10,11,15,22,31,44,46,46,46
GET,/get_data/195,112,0,7,8.020835401806282,2.3078250001162814,33.25964300029227,120.58035714285714,0.09328779679322043,0.0,7,8,10,11,13,16,21,22,33,33,33
GET,/get_data/196,113,0,6,8.840338194675223,3.401233000204229,72.26614199998949,122.57522123893806,0.09412072355030275,0.0,6,7,8,9,15,26,32,33,72,72,72
GET,/get_data/197,118,0,7,8.221107661013821,3.0135120000522875,53.69777600026282,122.77118644067797,0.09828535733571438,0.0,7,8,9,10,12,24,30,33,54,54,54
GET,/get_data/198,126,0,7,8.929624285721209,2.837419000115915,65.26397700008602,122.51587301587301,0.10494877139237298,0.0,7,8,9,10,14,28,37,42,65,65,65
GET,/get_data/199,112,0,6,8.071414571414184,3.1883809997452772,44.970450999699096,120.34821428571429,0.09328779679322043,0.0,7,7,8,9,13,17,30,31,45,45,45
GET,/get_data/2,153,0,6,7.900108771241173,3.2101439999223658,96.80516799971883,122.86274509803921,0.12743779383359577,0.0,6,7,8,9,12,16,19,27,97,97,97
GET,/get_data/20,129,0,6,8.294146395349154,2.784354999903371,73.36432600004628,124.20930232558139,0.10744755166361995,0.0,6,7,8,9,12,15,41,52,73,73,73
GET,/get_data/200,117,0,7,7.78756561535724,3.3444239998061676,30.01554100001158,123.11111111111111,0.09745243057863205,0.0,7,8,9,10,14,16,22,26,30,30,30
GET,/get_data/201,100,0,6,8.053745840002193,2.803053999741678,33.12754999979006,121.26,0.08329267570823252,0.0,6,8,9,9,14,18,31,33,33,33,33
GET,/get_data/202,103,0,6,7.1732597378515885,2.4552140002924716,41.23885299986796,122.37864077669903,0.0857914559794795,0.0,6,7,8,9,11,13,16,19,41,41,41
GET,/get_data/203,96,0,6,8.411662322937255,2.876963000289834,51.01934100002836,122.40625,0.07996096867990322,0.0,6,7,9,10,15,27,31,51,51,51,51
GET,/get_data/204,111,0,7,9.037238999975639,3.3016410002346674,47.29352799995468,122.81981981981981,0.0924548700361381,0.0,7,8,9,10,15,25,42,42,47,47,47
GET,/get_data/205,104,0,7,8.399932182687035,2.978571000312513,52.747090999673674,122.75,0.08662438273656183,0.0,7,8,9,10,13,18,22,42,53,53,53
GET,/get_data/206,98,0,6,7.24150588774935,3.6175389996060403,28.27951800009032,122.53061224489795,0.08162682219406787,0.0,6,7,8,9,12,14,17,28,28,28,28
GET,/get_data/207,91,0,7,10.115829043970335,3.4467619998395094,50.62248800004454,123.0,0.0757963348944916,0.0,7,8,10,12,18,34,50,51,51,51,51
GET,/get_data/208,108,0,6,8.664094416653151,2.5834739999481826,47.10079200003747,122.60185185185185,0.08995608976489113,0.0,6,8,9,10,15,24,30,33,47,47,47
GET,/get_data/209,100,0,7,8.061572059978062,3.1711089995951625,24.99956999963615,121.78,0.08329267570823252,0.0,7,8,10,10,13,19,24,25,25,25,25
GET,/get_data/21,138,0,7,8.593141072476984,2.6929959999506536,49.3768880000971,122.69565217391305,0.11494389247736088,0.0,7,8,9,10,15,22,40,44,49,49,49
GET,/get_data/210,111,0,7,9.026927819844344,3.5865529998773127,49.963710000156425,122.58558558558559,0.0924548700361381,0.0,7,9,10,11,14,22,36,38,50,50,50
GET,/get_data/211,94,0,6,8.127363170208984,2.82910499981881,53.94354999998541,119.27659574468085,0.07829511516573857,0.0,6,7,8,10,11,17,50,54,54,54,54
GET,/get_data/212,108,0,6,8.073231629615057,3.1065389998730097,29.854891000013595,123.60185185185185,0.08995608976489113,0.0,6,7,9,11,15,19,26,27,30,30,30
GET,/get_data/213,88,0,6,7.41025684089891,2.8252559995962656,52.36472100023093,123.5909090909091,0.07329755462324462,0.0,6,7,7,8,10,14,45,52,52,52,52
GET,/get_data/214,93,0,7,8.708447118268488,3.5729739997805154,45.44945399993594,120.13978494623656,0.07746218840865625,0.0,7,8,9,10,14,21,40,45,45,45,45
GET,/get_data/215,96,0,7,9.047829062519478,2.7335930003573594,63.478743999894505,122.54166666666667,0.07996096867990322,0.0,7,8,9,9,13,26,44,63,63,63,63
GET,/get_data/216,95,0,6,8.019321073669218,3.570273999685014,35.66366500035656,122.6842105263158,0.0791280419228209,0.0,6,7,9,10,13,16,29,36,36,36,36
GET,/get_data/217,102,0,6,8.230057362755128,2.7356400000826397,66.08942100001514,122.63725490196079,0.08495852922239717,0.0,6,8,10,10,13,16,23,32,66,66,66
GET,/get_data/218,90,0,7,8.12594863332884,2.849861999948189,46.64199600028951,122.72222222222223,0.07496340813740927,0.0,7,8,9,10,14,15,20,47,47,47,47
GET,/get_data/219,90,0,7,8.465602211102427,3.8691609997840715,38.74234500017337,123.57777777777778,0.07496340813740927,0.0,7,8,9,10,12,21,34,39,39,39,39
GET,/get_data/22,127,0,6,7.765724157483361,2.4799799998618255,42.91499700002532,121.85039370078741,0.1057816981494553,0.0,6,8,10,10,12,14,21,33,43,43,43
GET,/get_data/220,109,0,7,8.977084770609975,3.271380000114732,64.96154300020862,122.95412844036697,0.09078901652197345,0.0,7,8,9,10,15,18,46,49,65,65,65
GET,/get_data/221,105,0,7,9.860245495236173,2.6556540001365647,121.6937730000609,121.86666666666666,0.08745730949364415,0.0,7,8,10,11,16,22,52,62,120,120,120
GET,/get_data/222,112,0,7,8.808374821423318,3.664913000193337,84.35702299993864,121.11607142857143,0.09328779679322043,0.0,7,7,9,10,13,17,32,40,84,84,84
GET,/get_data/223,81,0,7,8.25205111109819,3.0487289996017353,34.471199000108754,121.96296296296296,0.06746706732366835,0.0,7,8,9,9,13,18,32,34,34,34,34
GET,/get_data/224,105,0,7,8.795128447638403,3.48612800007686,46.61533900025461,120.24761904761905,0.08745730949364415,0.0,7,8,9,10,13,25,29,41,47,47,47
GET,/get_data/225,103,0,7,7.5369676116493896,3.0177379999258847,30.995689000064885,122.50485436893204,0.0857914559794795,0.0,7,8,9,9,11,13,17,19,31,31,31
GET,/get_data/226,93,0,7,8.095433161298555,3.062219000184996,46.27656399998159,121.6989247311828,0.07746218840865625,0.0,7,8,9,10,12,17,21,46,46,46,46
GET,/get_data/227,90,0,7,8.742791766715325,2.881704000174068,63.93925400016087,121.72222222222223,0.07496340813740927,0.0,7,8,10,11,16,19,29,64,64,64,64
GET,/get_data/228,88,0,6,7.921285352241822,3.32277300003625,48.36045299998659,122.5909090909091,0.07329755462324462,0.0,6,8,9,9,14,17,19,48,48,48,48
GET,/get_data/229,84,0,7,7.831414071417731,2.5916320000760606,27.72769899956984,123.30952380952381,0.06996584759491532,0.0,7,8,9,9,13,17,22,28,28,28,28
GET,/get_data/23,120,0,6,7.855706499992721,2.867282999886811,40.96766900011062,120.9,0.09995121084987903,0.0,6,8,8,9,11,18,28,39,41,41,41
GET,/get_data/230,92,0,7,8.766587999992264,2.6359749999755877,49.817893999716034,121.28260869565217,0.07662926165157392,0.0,7,8,9,11,13,17,49,50,50,50,50
GET,/get_data/231,97,0,6,8.408287917509089,3.2569559998592013,60.58612299966626,123.5360824742268,0.08079389543698555,0.0,6,7,9,9,13,18,32,61,61,61,61
GET,/get_data/232,89,0,7,8.73428488766161,3.294488000392448,46.403614999690035,121.14606741573034,0.07413048138032695,0.0,7,8,10,11,13,16,46,46,46,46,46
GET,/get_data/233,100,0,6,7.632406410020849,2.876634999665839,38.893496000127925,123.52,0.08329267570823252,0.0,6,7,8,9,15,16,21,39,39,39,39
GET,/get_data/234,104,0,6,7.865164586523686,3.6840970001321693,27.479062999645976,120.375,0.08662438273656183,0.0,6,8,8,9,12,21,25,25,27,27,27
GET,/get_data/235,97,0,7,8.079326422675782,2.8999030000704806,25.53437500000655,122.4020618556701,0.08079389543698555,0.0,7,9,10,11,13,17,20,26,26,26,26
GET,/get_data/236,98,0,7,9.246305214261081,2.6237440001750656,48.919250999915675,120.39795918367346,0.08162682219406787,0.0,7,8,9,10,16,27,46,49,49,49,49
GET,/get_data/237,87,0,6,7.502044540238973,2.6293709997844417,27.09866700024577,122.89655172413794,0.0724646278661623,0.0,6,7,9,9,14,16,21,27,27,27,27
GET,/get_data/238,106,0,6,8.301393066034816,3.1206439998641144,49.07961300023089,121.61320754716981,0.08829023625072648,0.0,6,7,8,9,14,17,43,45,49,49,49
GET,/get_data/239,98,0,7,8.223242622441793,2.970816000015475,53.114082000320195,121.79591836734694,0.08162682219406787,0.0,7,8,9,10,12,17,36,53,53,53,53
GET,/get_data/24,133,0,6,8.270421466137067,2.8817419997722027,44.58358699957898,120.90225563909775,0.11077925869194925,0.0,6,7,8,9,13,26,42,42,45,45,45
GET,/get_data/240,89,0,7,9.090820269699343,2.6171270001213998,79.7596830002476,121.73033707865169,0.07413048138032695,0.0,7,8,9,10,12,18,51,80,80,80,80
GET,/get_data/241,101,0,7,9.37288842574207,2.967748000173742,61.20950600006836,123.25742574257426,0.08412560246531485,0.0,7,9,10,10,14,25,37,59,61,61,61
GET,/get_data/242,114,0,6,8.200393438588243,2.929493999999977,54.224554999564134,122.5701754385965,0.09495365030738508,0.0,6,8,8,10,14,22,36,41,54,54,54
GET,/get_data/243,94,0,7,10.747833999998198,2.678904000276816,52.23006799997165,122.27659574468085,0.07829511516573857,0.0,7,9,13,14,20,29,49,52,52,52,52
GET,/get_data/244,108,0,7,8.431599333334816,2.8503100002126303,64.22379200012074,121.36111111111111,0.08995608976489113,0.0,7,8,9,9,13,17,38,48,64,64,64
GET,/get_data/245,90,0,6,10.663733211110108,3.008442999998806,97.5934769999185,121.57777777777778,0.07496340813740927,0.0,7,9,11,12,22,30,49,98,98,98,98
GET,/get_data/246,98,0,7,8.043068071434131,2.8554479999911564,31.632717000320554,122.53061224489795,0.08162682219406787,0.0,7,8,9,10,13,17,21,32,32,32,32
GET,/get_data/247,88,0,7,7.2113979545168725,3.263885999785998,19.761964999815973,123.5909090909091,0.07329755462324462,0.0,7,7,8,9,11,13,15,20,20,20,20
GET,/get_data/248,100,0,7,8.408076330001677,2.7813899996544933,54.81065899994064,121.52,0.08329267570823252,0.0,7,8,9,10,15,21,26,55,55,55,55
GET,/get_data/249,107,0,7,9.969928411218437,2.7301970003463794,61.05927599992356,121.60747663551402,0.0891231630078088,0.0,7,8,10,10,17,35,49,51,61,61,61
GET,/get_data/25,124,0,6,7.3112077016048715,2.8702080001039576,34.697871999924246,122.16129032258064,0.10328291787820833,0.0,6,7,8,9,11,15,22,28,35,35,35
GET,/get_data/250,93,0,7,8.111131892473098,3.478236000319157,30.803849999756494,118.83870967741936,0.07746218840865625,0.0,7,8,10,10,13,17,24,31,31,31,31
GET,/get_data/251,108,0,7,9.5883962592451,2.7551160001166863,53.49592399988978,122.48148148148148,0.08995608976489113,0.0,7,9,10,11,20,30,35,41,53,53,53
GET,/get_data/252,98,0,7,8.222243632649317,3.1101330000637972,51.00629799972012,121.26530612244898,0.08162682219406787,0.0,7,7,9,9,12,19,45,51,51,51,51
GET,/get_data/253,81,0,6,7.7125243580532565,2.9643569996551378,35.303867000038736,122.48148148148148,0.06746706732366835,0.0,6,7,9,10,12,15,32,35,35,35,35
GET,/get_data/254,102,0,7,8.855702833340962,2.8077390002181346,88.31079999981739,121.38235294117646,0.08495852922239717,0.0,7,8,10,11,13,16,18,38,88,88,88
GET,/get_data/255,94,0,7,8.628210180878593,3.125122000255942,44.14905400017233,120.82978723404256,0.07829511516573857,0.0,7,8,9,11,13,22,34,44,44,44,44
GET,/get_data/256,74,0,6,8.3194310270141,3.024310000000696,47.84826200011594,121.52702702702703,0.061636580024092065,0.0,6,8,9,10,12,21,28,48,48,48,48
GET,/get_data/257,91,0,7,10.764133890111575,3.689474000111659,91.42763900035789,122.0,0.0757963348944916,0.0,7,9,10,11,20,33,44,91,91,91,91
GET,/get_data/258,97,0,6,8.854149298975845,2.8793860001314897,78.29744200034838,124.0721649484536,0.08079389543698555,0.0,6,8,10,10,14,20,45,78,78,78,78
GET,/get_data/259,76,0,7,10.43945259208924,3.8392970000131754,72.25851700013664,123.02631578947368,0.06330243353825672,0.0,8,9,10,11,17,34,61,72,72,72,72
GET,/get_data/26,133,0,6,8.375957909797386,2.3188280001704697,54.228959000283794,122.81203007518798,0.11077925869194925,0.0,6,7,9,10,13,19,42,43,54,54,54
GET,/get_data/260,72,0,7,9.703892069416675,2.854415000001609,57.89892900020277,122.26388888888889,0.059970726509927415,0.0,7,8,10,11,20,24,38,58,58,58,58
GET,/get_data/261,87,0,7,7.990989976996775,3.7373149998529698,23.846355999921798,121.59770114942529,0.0724646278661623,0.0,7,8,9,10,12,19,23,24,24,24,24
GET,/get_data/262,74,0,6,9.325584972970859,3.0703639999956067,52.21235500039256,122.70270270270271,0.061636580024092065,0.0,7,8,9,11,14,27,50,52,52,52,52
GET,/get_data/263,93,0,6,8.39421272042185,3.376246999778232,47.16143599989664,121.83870967741936,0.07746218840865625,0.0,6,8,9,10,13,20,28,47,47,47,47
GET,/get_data/264,84,0,7,9.566613404753557,3.1211280002025887,58.24481799982095,121.77380952380952,0.06996584759491532,0.0,7,8,10,12,18,24,41,58,58,58,58
GET,/get_data/265,86,0,7,9.801100930242809,2.9563309999502962,120.62403800018728,121.45348837209302,0.07163170110907997,0.0,7,8,10,11,14,26,36,120,120,120,120
GET,/get_data/266,101,0,6,8.485163306954071,3.057801000068139,59.76205699971615,120.9009900990099,0.08412560246531485,0.0,6,8,9,10,13,18,33,35,60,60,60
GET,/get_data/267,84,0,6,8.387667904798946,3.1752410000081,28.51039799998034,122.92857142857143,0.06996584759491532,0.0,6,9,10,12,14,17,27,29,29,29,29
GET,/get_data/268,92,0,7,9.48673532607937,2.686359999643173,82.39260099981038,122.70652173913044,0.07662926165157392,0.0,7,8,10,11,16,19,33,82,82,82,82
GET,/get_data/269,89,0,7,8.05135756178735,2.9267459999573475,27.54515399965385,122.02247191011236,0.07413048138032695,0.0,7,8,10,11,12,15,25,28,28,28,28
GET,/get_data/27,126,0,6,7.72160532540056,2.9927330001555674,39.618989000246074,122.85714285714286,0.10494877139237298,0.0,6,8,9,10,12,15,23,30,40,40,40
GET,/get_data/270,74,0,7,9.518063675693918,3.390408999621286,45.55610799980059,121.52702702702703,0.061636580024092065,0.0,7,8,10,11,16,25,42,46,46,46,46
GET,/get_data/271,103,0,7,9.455698631091826,2.845936000085203,78.54752799994458,120.50485436893204,0.0857914559794795,0.0,7,8,9,10,14,25,39,57,79,79,79
GET,/get_data/272,106,0,7,9.988713415112834,3.1188890002340486,65.29189999992013,119.24528301886792,0.08829023625072648,0.0,7,9,10,11,14,30,54,59,65,65,65
GET,/get_data/273,73,0,7,9.316283835631435,3.142169000057038,45.04211299990857,123.35616438356165,0.06080365326700974,0.0,7,8,9,10,17,25,43,45,45,45,45
GET,/get_data/274,85,0,7,8.38857554115962,3.7408719999802997,55.28315900028247,122.45882352941176,0.07079877435199765,0.0,7,8,9,9,12,16,34,55,55,55,55
GET,/get_data/275,87,0,7,8.286094425240934,3.2445100000586535,42.498722999880556,120.44827586206897,0.0724646278661623,0.0,7,8,9,10,12,18,32,42,42,42,42
GET,/get_data/276,87,0,7,8.056490367819386,2.8625330000977556,21.378566999828763,122.89655172413794,0.0724646278661623,0.0,7,8,10,11,13,15,21,21,21,21,21
GET,/get_data/277,92,0,7,8.224181684805325,2.840675000243209,60.873280000123486,122.42391304347827,0.07662926165157392,0.0,7,7,9,10,14,17,22,61,61,61,61
GET,/get_data/278,77,0,7,9.28606566235017,2.761365999958798,45.72646899987376,122.50649350649351,0.06413536029533905,0.0,7,9,9,10,15,22,39,46,46,46,46
GET,/get_data/279,79,0,7,8.483288455702482,3.2957820003503002,40.661240000190446,123.15189873417721,0.0658012138095037,0.0,7,8,9,11,14,18,38,41,41,41,41
GET,/get_data/28,139,0,7,8.586577510783604,2.2404569999707746,55.486063999978796,122.86330935251799,0.1157768192344432,0.0,7,8,9,10,13,16,42,44,55,55,55
GET,/get_data/280,85,0,6,7.450137352952879,2.822069000103511,25.314840000191907,122.91764705882353,0.07079877435199765,0.0,6,8,9,10,11,14,19,25,25,25,25
GET,/get_data/281,86,0,6,7.899933325593655,2.8158069999335567,46.90131500001371,122.30232558139535,0.07163170110907997,0.0,6,7,8,9,15,19,25,47,47,47,47
GET,/get_data/282,82,0,7,8.432839670720613,2.8980690003663767,53.3956809999836,122.3170731707317,0.06829999408075067,0.0,7,8,10,10,13,16,28,53,53,53,53
GET,/get_data/283,75,0,7,9.290463973338774,2.6332289999118075,48.180250999848795,123.17333333333333,0.06246950678117439,0.0,7,8,10,10,14,31,45,48,48,48,48
GET,/get_data/284,82,0,7,8.424174475638255,2.9329449998840573,25.546451000082016,121.63414634146342,0.06829999408075067,0.0,7,8,10,11,14,19,25,26,26,26,26
GET,/get_data/285,99,0,6,8.605935161613896,2.490813999884267,31.94836900001974,122.65656565656566,0.0824597489511502,0.0,6,8,10,12,18,22,32,32,32,32,32
GET,/get_data/286,77,0,7,9.530918584418528,2.9625699999087374,55.85551600006511,121.67532467532467,0.06413536029533905,0.0,7,9,10,11,16,28,49,56,56,56,56
GET,/get_data/287,97,0,7,8.588200237077263,2.676107999832311,44.86392499984504,120.5360824742268,0.08079389543698555,0.0,7,8,9,10,13,27,43,45,45,45,45
GET,/get_data/288,88,0,7,8.419773193188782,2.8591780001079314,48.75051399994845,121.18181818181819,0.07329755462324462,0.0,7,8,8,9,11,15,44,49,49,49,49
GET,/get_data/289,81,0,7,8.19913666667016,2.5560809999660705,51.42728300006638,122.64197530864197,0.06746706732366835,0.0,7,8,8,9,10,12,48,51,51,51,51
GET,/get_data/29,137,0,6,8.040688423348566,3.0498219998662535,100.1666329998443,122.87591240875912,0.11411096572027855,0.0,6,7,8,9,12,15,32,39,100,100,100
GET,/get_data/290,79,0,7,9.353285430371457,3.4941369999614835,62.82024799975261,123.48101265822785,0.0658012138095037,0.0,7,8,11,11,16,24,38,63,63,63,63
GET,/get_data/291,83,0,7,12.558663120479792,2.816296000219154,95.04639499982659,121.3132530120482,0.069132920837833,0.0,7,8,10,13,23,57,78,95,95,95,95
GET,/get_data/292,66,0,7,9.137823651544199,3.9312730000347074,36.46764399991298,120.39393939393939,0.054973165967433464,0.0,7,8,10,12,17,21,33,36,36,36,36
GET,/get_data/293,84,0,6,9.096958952384393,2.9268479997881514,50.207592000333534,121.77380952380952,0.06996584759491532,0.0,6,8,10,11,15,22,46,50,50,50,50
GET,/get_data/294,93,0,7,9.413808247328596,2.691684000183159,70.75664000012694,121.6989247311828,0.07746218840865625,0.0,7,8,9,10,17,21,47,71,71,71,71
GET,/get_data/295,71,0,7,10.122816070429188,2.8312580002420873,62.90664799962542,120.54929577464789,0.05913779975284509,0.0,7,9,10,12,16,28,51,63,63,63,63
GET,/get_data/296,77,0,7,8.61180525974057,2.3811759997443005,53.507294000155525,122.01298701298701,0.06413536029533905,0.0,7,8,9,9,13,23,46,54,54,54,54
GET,/get_data/297,78,0,7,9.106924192308679,3.8300149999486166,56.41660299988871,122.83333333333333,0.06496828705242137,0.0,7,9,10,10,16,20,32,56,56,56,56
GET,/get_data/298,80,0,7,8.59568212498516,2.4984850001601444,43.63111399970876,123.65,0.06663414056658602,0.0,7,8,10,11,16,23,26,44,44,44,44
GET,/get_data/299,86,0,6,8.46057266278686,3.6115980001341086,45.599005999974906,122.75581395348837,0.07163170110907997,0.0,6,7,9,11,14,18,35,46,46,46,46
GET,/get_data/3,141,0,6,6.961153517742,3.05839499992544,26.71559200007323,122.01418439716312,0.11744267274860785,0.0,6,7,8,9,11,15,16,26,27,27,27
GET,/get_data/30,130,0,6,7.324223361522924,2.747309999904246,54.5266209996953,120.46153846153847,0.10828047842070228,0.0,6,7,8,8,12,14,21,22,55,55,55
GET,/get_data/300,70,0,7,8.53781082856975,3.2416340000054333,46.56796400013263,121.92857142857143,0.058304872995762765,0.0,7,8,9,10,12,17,33,47,47,47,47
GET,/get_data/301,81,0,7,8.887298629635978,3.0285620000540803,42.169697000190354,120.1604938271605,0.06746706732366835,0.0,7,9,10,10,15,21,25,42,42,42,42
GET,/get_data/302,72,0,7,9.550983652761463,3.129375999833428,53.32781500010242,122.90277777777777,0.059970726509927415,0.0,8,10,12,12,15,18,44,53,53,53,53
GET,/get_data/303,80,0,6,7.7309073249807625,3.205739999884827,30.63436599995839,122.65,0.06663414056658602,0.0,6,7,9,10,14,18,21,31,31,31,31
GET,/get_data/304,79,0,7,9.293551506335127,2.728226000272116,89.27623899990067,121.49367088607595,0.0658012138095037,0.0,7,8,9,10,13,28,39,89,89,89,89
GET,/get_data/305,78,0,6,8.078692525615248,2.656250999734766,40.750593000211666,121.33333333333333,0.06496828705242137,0.0,7,8,10,11,13,16,24,41,41,41,41
GET,/get_data/306,68,0,7,7.893127073530462,3.6011930001222936,33.048585999949864,122.33823529411765,0.056639019481598114,0.0,7,8,9,10,13,17,32,33,33,33,33
GET,/get_data/307,67,0,7,7.726618955211283,2.775429999928747,26.76639899982547,122.55223880597015,0.05580609272451579,0.0,7,9,9,10,12,15,16,27,27,27,27
GET,/get_data/308,79,0,7,9.012121556967445,3.176240000357211,49.873145000219665,123.15189873417721,0.0658012138095037,0.0,7,9,11,11,15,25,33,50,50,50,50
GET,/get_data/309,67,0,6,8.177040582105198,3.5204579999117414,32.01712800000678,122.58208955223881,0.05580609272451579,0.0,6,8,10,11,15,18,25,32,32,32,32
GET,/get_data/31,138,0,6,7.738037876771304,2.9483429998435895,41.3011259997802,122.1304347826087,0.11494389247736088,0.0,6,7,8,9,11,19,31,41,41,41,41
GET,/get_data/310,78,0,7,7.791056166676451,2.223654000317765,37.60619199965731,122.66666666666667,0.06496828705242137,0.0,7,8,8,9,13,15,20,38,38,38,38
GET,/get_data/311,72,0,7,9.821118958332894,3.081600999848888,55.32448299982207,121.72222222222223,0.059970726509927415,0.0,7,9,11,12,18,25,36,55,55,55,55
GET,/get_data/312,58,0,7,9.527560982735002,3.5100769996461167,32.549940000080824,123.67241379310344,0.04830975191077486,0.0,8,9,11,12,19,27,32,33,33,33,33
GET,/get_data/313,80,0,6,7.92683013748956,3.586914000152319,32.94405899987396,122.4875,0.06663414056658602,0.0,6,7,9,9,17,22,24,33,33,33,33
GET,/get_data/314,67,0,6,7.506391597023288,2.712616000280832,26.82342099978996,121.97014925373135,0.05580609272451579,0.0,6,8,10,10,12,14,15,27,27,27,27
GET,/get_data/315,74,0,7,9.670902851347499,2.8588770001078956,53.85375399964687,120.70270270270271,0.061636580024092065,0.0,7,9,10,11,19,31,35,54,54,54,54
GET,/get_data/316,78,0,8,10.161975448722725,2.917029999935039,57.825985999897966,123.16666666666667,0.06496828705242137,0.0,8,10,11,12,16,35,44,58,58,58,58
GET,/get_data/317,59,0,7,8.607450644052795,3.4272279999640887,21.90826800006107,123.32203389830508,0.04914267866785719,0.0,7,9,10,12,17,21,22,22,22,22,22
GET,/get_data/318,82,0,7,8.120063560959242,3.464358000201173,44.62197600014406,121.26829268292683,0.06829999408075067,0.0,7,8,9,10,13,16,29,45,45,45,45
GET,/get_data/319,73,0,7,11.929837808229546,3.1634270003451093,63.93910099995992,122.06849315068493,0.06080365326700974,0.0,7,9,11,18,26,38,59,64,64,64,64
GET,/get_data/32,152,0,6,8.071358473677336,2.737720999903104,60.77094900001612,123.02631578947368,0.12660486707651344,0.0,6,7,8,9,12,15,50,57,61,61,61
GET,/get_data/320,72,0,6,8.026867861126952,2.28196400030356,41.8619810002383,123.80555555555556,0.059970726509927415,0.0,6,8,9,10,14,19,21,42,42,42,42
GET,/get_data/321,73,0,7,8.158792301395033,3.3400499996787403,35.10740199999418,121.17808219178082,0.06080365326700974,0.0,7,8,9,10,14,19,28,35,35,35,35
GET,/get_data/322,79,0,6,9.496200531666085,3.5606480000751617,53.20987899995089,120.65822784810126,0.0658012138095037,0.0,6,8,9,12,16,27,50,53,53,53,53
GET,/get_data/323,65,0,7,9.655981046125817,3.1079559998943296,61.623212000085914,122.6,0.05414023921035114,0.0,7,9,11,11,15,17,49,62,62,62,62
GET,/get_data/324,68,0,7,9.763999249979433,3.1743629997436074,41.581709000183764,121.76470588235294,0.056639019481598114,0.0,7,9,11,11,21,27,38,42,42,42,42
GET,/get_data/325,68,0,7,8.320525044141773,3.6633370000345167,29.988008000145783,122.0,0.056639019481598114,0.0,7,9,10,10,12,13,26,30,30,30,30
GET,/get_data/326,81,0,7,9.94905495062882,2.6640460000635358,83.45839799994792,120.96296296296296,0.06746706732366835,0.0,7,8,10,11,14,17,59,83,83,83,83
GET,/get_data/327,72,0,7,10.928453013895655,2.979837000111729,79.26686099972358,121.54166666666667,0.059970726509927415,0.0,7,9,11,12,17,30,67,79,79,79,79
GET,/get_data/328,55,0,7,8.154964563660046,2.965342999686982,43.8582110000425,121.94545454545455,0.04581097163952789,0.0,7,8,9,9,12,16,28,44,44,44,44
GET,/get_data/329,83,0,7,9.667664747004059,3.0964480001784978,49.79030100003001,121.25301204819277,0.069132920837833,0.0,7,8,10,11,17,24,42,50,50,50,50
GET,/get_data/33,127,0,6,7.374080937004362,3.3041120000234514,29.083065000122588,121.13385826771653,0.1057816981494553,0.0,6,7,8,9,13,15,21,23,29,29,29
GET,/get_data/330,74,0,7,7.820499391902706,2.8574319999279396,26.011587000084546,123.05405405405405,0.061636580024092065,0.0,7,8,9,10,13,15,21,26,26,26,26
GET,/get_data/331,58,0,8,11.393994275898688,2.646535000167205,53.87445499991372,122.44827586206897,0.04830975191077486,0.0,8,9,12,12,23,40,42,54,54,54,54
GET,/get_data/332,53,0,7,10.10285132076875,3.9800500003366324,50.5749899998591,122.73584905660377,0.04414511812536324,0.0,7,8,11,11,17,29,37,51,51,51,51
GET,/get_data/333,62,0,7,9.827217516108396,2.6944790001834917,53.918471000088175,121.83870967741936,0.051641458939104164,0.0,8,9,12,13,14,16,48,54,54,54,54
GET,/get_data/334,74,0,7,10.767962945962879,3.0205510001906077,80.82052600002498,122.87837837837837,0.061636580024092065,0.0,7,9,10,12,16,37,73,81,81,81,81
GET,/get_data/335,68,0,8,11.233845632365474,3.126893000171549,70.20464999959586,121.57352941176471,0.056639019481598114,0.0,8,10,12,13,22,38,50,70,70,70,70
GET,/get_data/336,66,0,7,8.355755681784352,3.551652999703947,27.027702999930625,121.98484848484848,0.054973165967433464,0.0,7,8,10,11,15,19,23,27,27,27,27
GET,/get_data/337,64,0,7,10.182118921896688,2.7692960002241307,71.27418800018859,123.421875,0.053307312453268814,0.0,7,9,11,11,17,38,41,71,71,71,71
GET,/get_data/338,64,0,7,8.962277875028235,3.487275000225054,55.07695200003582,122.421875,0.053307312453268814,0.0,7,9,10,11,13,17,28,55,55,55,55
GET,/get_data/339,69,0,7,9.460575550734127,3.4201359999315173,38.90562199967462,121.7536231884058,0.05747194623868044,0.0,7,9,10,11,17,21,30,39,39,39,39
GET,/get_data/34,152,0,6,7.53584707893059,2.800311000100919,59.448446999795124,123.26315789473684,0.12660486707651344,0.0,6,7,8,9,11,13,26,43,59,59,59
GET,/get_data/340,73,0,8,10.688593068501689,2.1103349999975762,103.7554290001026,123.06849315068493,0.06080365326700974,0.0,8,9,11,12,16,20,74,100,100,100,100
GET,/get_data/341,60,0,7,8.99872205001581,3.078798999922583,30.534702999830188,121.3,0.04997560542493951,0.0,7,9,11,13,15,24,29,31,31,31,31
GET,/get_data/342,67,0,7,9.86553461195141,2.87360099991929,55.26022300000477,121.97014925373135,0.05580609272451579,0.0,7,9,10,11,15,29,47,55,55,55,55
GET,/get_data/343,55,0,7,10.524250163631553,3.8707170001544,57.52565399961895,122.23636363636363,0.04581097163952789,0.0,7,9,10,10,15,43,51,58,58,58,58
GET,/get_data/344,66,0,7,10.025244802997776,2.482578000126523,79.42961999970066,121.98484848484848,0.054973165967433464,0.0,7,8,9,11,17,32,41,79,79,79,79
GET,/get_data/345,58,0,7,11.63658656894862,3.9394000000356755,78.71563699973194,121.67241379310344,0.04830975191077486,0.0,8,9,11,13,20,44,51,79,79,79,79
GET,/get_data/346,65,0,7,11.679401984593614,2.3214519997054595,90.69859999999608,120.6,0.05414023921035114,0.0,7,9,10,12,25,39,55,91,91,91,91
GET,/get_data/347,64,0,7,10.399651421892031,3.542805000051885,88.12617000012324,120.8125,0.053307312453268814,0.0,7,10,11,12,17,24,31,88,88,88,88
GET,/get_data/348,66,0,7,9.997364545473499,3.83598799999163,54.312609000135126,123.18181818181819,0.054973165967433464,0.0,7,9,11,13,16,23,46,54,54,54,54
GET,/get_data/349,53,0,7,10.011459849079504,2.764998999737145,65.2758719998019,122.9622641509434,0.04414511812536324,0.0,7,8,10,12,18,28,41,65,65,65,65
GET,/get_data/35,142,0,6,7.2753122816717655,2.605757999845082,52.03214099992692,123.67605633802818,0.11827559950569018,0.0,6,7,8,9,11,13,21,24,52,52,52
GET,/get_data/350,52,0,8,9.91210432688114,3.9573340000060853,42.70082700031708,124.0,0.04331219136828091,0.0,8,10,12,13,18,21,25,43,43,43,43
GET,/get_data/351,62,0,7,9.166917903221181,3.4122119996027322,43.84036100009325,122.62903225806451,0.051641458939104164,0.0,7,8,9,10,15,21,36,44,44,44,44
GET,/get_data/352,69,0,7,9.53964462316593,2.756557999873621,44.73566900014703,122.7536231884058,0.05747194623868044,0.0,7,9,10,11,18,27,36,45,45,45,45
GET,/get_data/353,64,0,8,10.903790765617316,3.247498999826348,43.27453300038542,123.421875,0.053307312453268814,0.0,8,9,12,14,24,31,43,43,43,43,43
GET,/get_data/354,49,0,7,8.787663775522986,3.6495539998213644,28.512737000255584,123.3265306122449,0.04081341109703394,0.0,7,8,9,10,14,24,29,29,29,29,29
GET,/get_data/355,55,0,7,9.267873963637447,3.4491350002099352,43.474888000218925,122.47272727272727,0.04581097163952789,0.0,7,9,10,11,15,24,40,43,43,43,43
GET,/get_data/356,59,0,8,11.164612949106429,2.7992469999844616,66.48046600002999,121.88135593220339,0.04914267866785719,0.0,8,10,14,15,19,30,60,66,66,66,66
GET,/get_data/357,68,0,7,10.550321985279504,2.873327000088466,45.71665100002065,121.95588235294117,0.056639019481598114,0.0,7,8,10,13,22,36,44,46,46,46,46
GET,/get_data/358,57,0,7,10.52164880702708,3.466888000275503,53.32081000005928,123.45614035087719,0.04747682515369254,0.0,7,9,10,12,26,44,45,53,53,53,53
GET,/get_data/359,56,0,8,12.651365107201075,3.7343859999054985,58.49252500001967,122.16071428571429,0.04664389839661021,0.0,8,9,13,15,33,37,47,58,58,58,58
GET,/get_data/36,154,0,6,7.368324253252762,2.784648000215384,43.22842099963964,123.93506493506493,0.1282707205906781,0.0,6,7,8,9,11,14,16,40,43,43,43
GET,/get_data/360,78,0,8,10.169230205094255,2.9380690002653864,44.237019999854965,124.33333333333333,0.06496828705242137,0.0,8,9,12,13,20,26,32,44,44,44,44
GET,/get_data/361,53,0,7,11.085834735858267,2.8748099998665566,78.26606900016486,123.98113207547169,0.04414511812536324,0.0,7,9,10,11,20,31,65,78,78,78,78
GET,/get_data/362,48,0,8,9.379744750001842,3.3884129998114076,47.7539710000201,122.8125,0.03998048433995161,0.0,8,9,10,11,14,23,48,48,48,48,48
GET,/get_data/363,60,0,6,7.7823370667071385,3.1297400000767084,31.412060000093334,121.21666666666667,0.04997560542493951,0.0,6,8,9,10,14,18,30,31,31,31,31
GET,/get_data/364,51,0,6,8.964642549035132,2.3504870000579103,45.31694299976152,123.27450980392157,0.04247926461119859,0.0,6,9,11,13,14,20,35,45,45,45,45
GET,/get_data/365,54,0,8,9.67949562964855,3.4411290002935857,52.95921400011139,120.48148148148148,0.04497804488244556,0.0,8,9,10,11,15,25,36,53,53,53,53
GET,/get_data/366,58,0,7,9.533967706868774,4.110196000056021,62.75185799995597,122.44827586206897,0.04830975191077486,0.0,7,8,9,10,14,30,36,63,63,63,63
GET,/get_data/367,53,0,7,9.109833528293406,3.0320490000121936,36.076157999559655,122.98113207547169,0.04414511812536324,0.0,7,9,11,13,16,20,27,36,36,36,36
GET,/get_data/368,44,0,7,11.955986181822647,2.9802950002704165,80.78320000004169,123.18181818181819,0.03664877731162231,0.0,8,11,14,16,26,31,81,81,81,81,81
GET,/get_data/369,42,0,7,10.45800069049446,3.622105999966152,46.90503700021509,123.78571428571429,0.03498292379745766,0.0,7,8,11,15,22,28,47,47,47,47,47
GET,/get_data/37,143,0,6,7.414439517498812,2.553429999807122,49.446009999883245,122.17482517482517,0.1191085262627725,0.0,6,7,8,9,10,13,25,31,49,49,49
GET,/get_data/370,54,0,8,10.904685740763819,3.0264819997682935,56.22343599998203,122.44444444444444,0.04497804488244556,0.0,8,10,12,12,18,38,44,56,56,56,56
GET,/get_data/371,60,0,7,9.057577300018238,2.633876999880158,33.07843399988997,123.08333333333333,0.04997560542493951,0.0,7,8,10,11,22,25,30,33,33,33,33
GET,/get_data/372,58,0,8,10.899432017242423,3.538681000009092,74.00941200012312,123.12068965517241,0.04830975191077486,0.0,8,9,10,11,25,31,35,74,74,74,74
GET,/get_data/373,49,0,7,8.06435302042608,3.084211000441428,20.046184999955585,122.53061224489795,0.04081341109703394,0.0,7,9,10,11,14,15,20,20,20,20,20
GET,/get_data/374,53,0,7,7.321020735848576,3.040165000129491,14.660307000212924,122.22641509433963,0.04414511812536324,0.0,7,8,8,11,11,13,14,15,15,15,15
GET,/get_data/375,63,0,6,7.892057793628377,2.368596999986039,27.41522399992391,122.82539682539682,0.05247438569618649,0.0,6,8,9,11,13,17,24,27,27,27,27
GET,/get_data/376,53,0,7,9.308194867914935,2.8081469999960973,39.1429699998298,122.98113207547169,0.04414511812536324,0.0,7,8,9,12,18,24,34,39,39,39,39
GET,/get_data/377,57,0,6,7.5631075087425925,2.9137469996385335,37.126970999906916,125.28070175438596,0.04747682515369254,0.0,6,8,8,9,11,16,35,37,37,37,37
GET,/get_data/378,48,0,8,11.223838604157285,3.1499809997512784,56.08091299973239,123.89583333333333,0.03998048433995161,0.0,8,10,14,17,23,30,56,56,56,56,56
GET,/get_data/379,43,0,7,7.612061883719434,2.7206079998904897,19.9336570003652,122.51162790697674,0.03581585055453999,0.0,7,8,9,9,13,15,20,20,20,20,20
GET,/get_data/38,152,0,6,7.160582539452626,2.68196299975898,35.80675600005634,122.63157894736842,0.12660486707651344,0.0,6,7,8,8,11,16,20,23,36,36,36
GET,/get_data/380,40,0,6,7.678904074987258,2.5867790000120294,21.093864000249596,124.275,0.03331707028329301,0.0,7,8,10,10,12,20,21,21,21,21,21
GET,/get_data/381,52,0,7,11.22589305771271,3.057976000036433,61.855214000388514,121.5,0.04331219136828091,0.0,7,9,10,11,20,43,49,62,62,62,62
GET,/get_data/382,45,0,7,11.158009488917742,3.1585739998263307,47.773019000032946,123.15555555555555,0.03748170406870464,0.0,7,9,13,17,24,30,48,48,48,48,48
GET,/get_data/383,43,0,7,7.669988627936237,3.833961999589519,25.16805799996291,120.20930232558139,0.03581585055453999,0.0,7,8,9,10,12,14,25,25,25,25,25
GET,/get_data/384,45,0,8,11.22005233331341,2.957267000056163,53.29726699983439,122.44444444444444,0.03748170406870464,0.0,8,10,13,15,23,26,53,53,53,53,53
GET,/get_data/385,50,0,7,8.320672440040653,2.812194000398449,31.057758999850194,120.52,0.04164633785411626,0.0,7,9,11,11,13,19,31,31,31,31,31
GET,/get_data/386,44,0,7,10.562735204602673,2.6719140000750485,54.63833500016335,122.18181818181819,0.03664877731162231,0.0,8,9,12,13,19,28,55,55,55,55,55
GET,/get_data/387,48,0,6,11.036569374994087,2.7342149996911758,64.23067900004753,121.8125,0.03998048433995161,0.0,7,8,10,11,26,43,64,64,64,64,64
GET,/get_data/388,56,0,7,10.196182321424528,2.8803600002902385,68.3262709999326,122.69642857142857,0.04664389839661021,0.0,7,9,12,12,18,33,36,68,68,68,68
GET,/get_data/389,53,0,7,7.585828660389866,3.2886890003283042,20.94146900026317,124.18867924528301,0.04414511812536324,0.0,7,8,8,9,12,18,19,21,21,21,21
GET,/get_data/39,138,0,6,8.018408652153573,2.5473339997006406,70.01483099975303,120.8695652173913,0.11494389247736088,0.0,6,8,8,9,13,16,25,52,70,70,70
GET,/get_data/390,51,0,8,9.967270215687071,2.885432999846671,43.659274999754416,123.27450980392157,0.04247926461119859,0.0,8,9,9,12,14,36,38,44,44,44,44
GET,/get_data/391,37,0,7,8.77475732430547,4.136456000196631,24.24476299984235,121.70270270270271,0.030818290012046032,0.0,7,9,10,12,14,21,24,24,24,24,24
GET,/get_data/392,56,0,7,10.35298228572401,2.7563200001168298,58.88858900016203,122.92857142857143,0.04664389839661021,0.0,7,9,10,12,20,26,44,59,59,59,59
GET,/get_data/393,39,0,7,7.929390359001841,3.7813420003658393,23.458950000076584,123.0,0.032484143526210686,0.0,7,8,9,9,13,17,23,23,23,23,23
GET,/get_data/394,43,0,6,9.873968302377593,3.345829999943817,54.36557199982417,123.30232558139535,0.03581585055453999,0.0,6,7,9,11,16,30,54,54,54,54,54
GET,/get_data/395,48,0,7,10.371841270824689,3.235147999930632,65.6987070001378,122.625,0.03998048433995161,0.0,7,9,10,11,15,29,66,66,66,66,66
GET,/get_data/396,47,0,7,10.476447148932415,2.3886589997346164,74.84865800006446,122.38297872340425,0.03914755758286929,0.0,7,8,9,10,20,31,75,75,75,75,75
GET,/get_data/397,52,0,7,11.163128269275218,2.4921210001593863,57.419597000262,123.0,0.04331219136828091,0.0,7,10,11,11,17,43,52,57,57,57,57
GET,/get_data/398,50,0,7,10.319354380008008,3.5591930000009597,42.089438999937556,121.78,0.04164633785411626,0.0,7,11,12,14,22,28,42,42,42,42,42
GET,/get_data/399,44,0,6,10.454366818128785,3.0571400002372684,68.76646000000619,124.6590909090909,0.03664877731162231,0.0,6,9,10,11,19,33,69,69,69,69,69
GET,/get_data/4,148,0,6,8.20735102703369,2.203845000167348,65.50375899996652,122.5945945945946,0.12327316004818413,0.0,6,7,9,9,12,19,38,45,66,66,66
GET,/get_data/40,131,0,6,7.974620335876387,2.7937009999732254,69.42685200010601,122.19083969465649,0.1091134051777846,0.0,6,7,9,10,12,16,28,57,69,69,69
GET,/get_data/400,40,0,7,7.95280217500931,3.1101920003493433,21.650523000062094,124.6,0.03331707028329301,0.0,7,7,9,12,15,17,22,22,22,22,22
GET,/get_data/401,35,0,6,8.29450414288918,3.1195440001283714,22.509746000196174,123.22857142857143,0.029152436497881382,0.0,6,8,10,13,16,22,23,23,23,23,23
GET,/get_data/402,44,0,7,8.269411045468836,3.3480730003248027,30.664841000088927,123.18181818181819,0.03664877731162231,0.0,8,9,10,11,13,18,31,31,31,31,31
GET,/get_data/403,43,0,8,10.78141911631424,3.600402000301983,91.06078600007095,122.20930232558139,0.03581585055453999,0.0,8,9,10,11,20,21,91,91,91,91,91
GET,/get_data/404,49,0,6,8.210226938760515,3.558498999609583,37.824115000148595,122.06122448979592,0.04081341109703394,0.0,6,7,9,9,17,21,38,38,38,38,38
GET,/get_data/405,49,0,7,11.320517938768216,3.0032929998924374,50.81095600007757,123.59183673469387,0.04081341109703394,0.0,7,9,13,16,25,39,51,51,51,51,51
GET,/get_data/406,38,0,7,11.12108165785972,3.4552590000203054,46.59497300008297,122.6842105263158,0.03165121676912836,0.0,7,10,14,15,26,36,47,47,47,47,47
GET,/get_data/407,41,0,7,7.5080044634443945,3.031085000202438,16.414754999914294,121.63414634146342,0.034149997040375336,0.0,7,8,9,9,12,14,16,16,16,16,16
GET,/get_data/408,35,0,8,11.15140582857878,3.4063399998558452,44.7643870002139,123.22857142857143,0.029152436497881382,0.0,8,11,13,14,20,36,45,45,45,45,45
GET,/get_data/409,42,0,8,11.066740452395694,3.8043200001993682,43.93597899979795,122.61904761904762,0.03498292379745766,0.0,8,9,11,12,25,38,44,44,44,44,44
GET,/get_data/41,129,0,6,7.0783437596667,3.160734999937631,35.95263699980933,121.65116279069767,0.10744755166361995,0.0,6,7,8,8,11,14,29,34,36,36,36
GET,/get_data/410,44,0,7,9.823260000013596,3.036278999843489,52.06175200009966,124.54545454545455,0.03664877731162231,0.0,7,9,11,12,17,23,52,52,52,52,52
GET,/get_data/411,41,0,7,8.832150512184521,3.5530330001165567,30.900418999863177,122.63414634146342,0.034149997040375336,0.0,7,10,11,12,13,14,31,31,31,31,31
GET,/get_data/412,44,0,7,8.897037954542695,3.395374999854539,35.72097500000382,122.5909090909091,0.03664877731162231,0.0,7,8,10,11,15,17,36,36,36,36,36
GET,/get_data/413,39,0,8,10.078234025653588,3.251344000091194,36.81799000014507,123.33333333333333,0.032484143526210686,0.0,8,11,12,14,17,22,37,37,37,37,37
GET,/get_data/414,39,0,7,11.05011482048632,2.6358390000496,59.907241000018985,123.66666666666667,0.032484143526210686,0.0,7,9,10,12,20,51,60,60,60,60,60
GET,/get_data/415,35,0,7,10.692384257111241,3.6483520002548175,46.70702499970503,122.11428571428571,0.029152436497881382,0.0,7,9,11,17,20,42,47,47,47,47,47
GET,/get_data/416,44,0,8,11.904508772710704,3.29612299992732,62.888097999802994,122.47727272727273,0.03664877731162231,0.0,8,8,14,16,26,31,63,63,63,63,63
GET,/get_data/417,35,0,7,9.41673811430519,3.572508999695856,33.55695900017963,122.85714285714286,0.029152436497881382,0.0,7,10,10,11,16,26,34,34,34,34,34
GET,/get_data/418,50,0,7,9.64708564002649,2.6384210000287567,39.647118999710074,122.56,0.04164633785411626,0.0,7,10,10,13,19,22,40,40,40,40,40
GET,/get_data/419,43,0,6,8.96135393027497,3.8768269996580784,48.28747999999905,124.11627906976744,0.03581585055453999,0.0,6,8,9,10,15,23,48,48,48,48,48
GET,/get_data/42,147,0,6,7.8944010952092905,2.4532149996048247,47.80592199995226,121.40816326530613,0.1224402332911018,0.0,6,7,8,9,13,18,35,38,48,48,48
GET,/get_data/420,29,0,9,11.736585724097024,3.6741270000675286,51.555904999986524,121.79310344827586,0.02415487595538743,0.0,9,11,13,17,24,24,52,52,52,52,52
GET,/get_data/421,37,0,7,10.846680891837742,3.114741999979742,76.88794599971516,123.10810810810811,0.030818290012046032,0.0,7,8,9,9,15,73,77,77,77,77,77
GET,/get_data/422,37,0,8,12.541497216187889,3.981883999585989,55.836206000094535,122.70270270270271,0.030818290012046032,0.0,8,10,11,13,34,52,56,56,56,56,56
GET,/get_data/423,32,0,8,9.922290437501147,4.058514999996987,30.993366000075184,123.21875,0.026653656226634407,0.0,8,9,12,12,14,24,31,31,31,31,31
GET,/get_data/424,33,0,6,7.992872454534253,4.541442000117968,28.065096999853267,123.18181818181819,0.027486582983716732,0.0,6,7,8,9,12,19,28,28,28,28,28
GET,/get_data/425,40,0,7,8.710783324988824,2.4887569998099934,26.330675999815867,123.625,0.03331707028329301,0.0,7,8,11,12,19,21,26,26,26,26,26
GET,/get_data/426,39,0,6,9.109397538465531,3.4031300001515774,54.40944300016781,123.66666666666667,0.032484143526210686,0.0,6,8,10,11,18,18,54,54,54,54,54
GET,/get_data/427,38,0,8,10.627240947374766,4.1188719997080625,39.55502700000579,123.02631578947368,0.03165121676912836,0.0,8,10,12,14,22,31,40,40,40,40,40
GET,/get_data/428,41,0,7,10.067367365913592,3.6480310000115423,36.772098999790614,123.21951219512195,0.034149997040375336,0.0,7,10,12,14,20,21,37,37,37,37,37
GET,/get_data/429,45,0,6,11.020906711120107,2.727047999997012,53.821938000055525,123.88888888888889,0.03748170406870464,0.0,6,9,11,13,16,49,54,54,54,54,54
GET,/get_data/43,138,0,6,8.192912159410811,2.7253569999174942,65.76666000000841,123.8695652173913,0.11494389247736088,0.0,6,7,9,9,13,16,37,49,66,66,66
GET,/get_data/430,30,0,7,10.908015333355555,3.7756500000796223,77.66561899961744,123.3,0.024987802712469757,0.0,7,8,9,13,20,26,78,78,78,78,78
GET,/get_data/431,33,0,6,9.283073181794668,3.171805999954813,36.14011000036044,123.57575757575758,0.027486582983716732,0.0,6,8,9,9,23,26,36,36,36,36,36
GET,/get_data/432,35,0,6,8.75944948576424,3.0810520001978148,30.73503299992808,122.11428571428571,0.029152436497881382,0.0,6,9,11,13,16,26,31,31,31,31,31
GET,/get_data/433,27,0,9,13.66315522222471,3.3689029996821773,57.54753699966386,122.48148148148148,0.02248902244122278,0.0,9,11,18,20,26,47,58,58,58,58,58
GET,/get_data/434,28,0,8,10.149970535703037,3.540859000167984,29.179357000430173,123.92857142857143,0.023321949198305107,0.0,8,10,13,15,21,25,29,29,29,29,29
GET,/get_data/435,35,0,7,9.325095314371927,3.7002340000071854,32.932590000200435,123.85714285714286,0.029152436497881382,0.0,7,9,11,13,17,22,33,33,33,33,33
GET,/get_data/436,36,0,7,7.661624555554328,3.3512760001030983,15.293765000023996,121.36111111111111,0.029985363254963707,0.0,8,8,9,9,11,15,15,15,15,15,15
GET,/get_data/437,34,0,7,9.843148794088313,3.853895000247576,44.5698089997677,122.52941176470588,0.028319509740799057,0.0,7,8,10,10,15,40,45,45,45,45,45
GET,/get_data/438,25,0,6,7.731003360040631,4.217041999709181,18.109599000126764,124.6,0.02082316892705813,0.0,6,8,9,10,13,15,18,18,18,18,18
GET,/get_data/439,25,0,6,8.011257119997026,3.309334999812563,27.741025000068475,123.6,0.02082316892705813,0.0,6,7,7,8,18,25,28,28,28,28,28
GET,/get_data/44,144,0,6,8.068995013909822,3.325495999888517,53.781538999828626,121.5,0.11994145301985483,0.0,6,7,8,9,13,19,46,48,54,54,54
GET,/get_data/440,29,0,8,9.334019241405572,3.2126549999702547,28.16914300001372,124.13793103448276,0.02415487595538743,0.0,8,10,11,12,17,24,28,28,28,28,28
GET,/get_data/441,25,0,7,8.933823799998208,2.674066000054154,25.378982999882282,123.56,0.02082316892705813,0.0,7,9,9,11,19,24,25,25,25,25,25
GET,/get_data/442,26,0,6,9.968098038458406,2.582481999979791,30.697984999733308,122.5,0.021656095684140456,0.0,7,10,13,15,20,28,31,31,31,31,31
GET,/get_data/443,26,0,7,8.559774692265329,3.8418190001721086,23.063037999691005,123.5,0.021656095684140456,0.0,7,9,10,11,15,16,23,23,23,23,23
GET,/get_data/444,26,0,9,14.782429461547508,2.728277999722195,52.0052570000189,123.0,0.021656095684140456,0.0,10,16,17,26,41,43,52,52,52,52,52
GET,/get_data/445,32,0,8,11.439771249953878,3.148626999973203,44.313819000308285,123.625,0.026653656226634407,0.0,8,11,13,13,22,44,44,44,44,44,44
GET,/get_data/446,34,0,6,8.921968352952343,3.6824820003857894,52.57105800001227,123.29411764705883,0.028319509740799057,0.0,7,8,8,10,16,20,53,53,53,53,53
GET,/get_data/447,28,0,8,11.064278071428037,3.796217999934015,46.67121700003918,119.92857142857143,0.023321949198305107,0.0,8,9,11,11,20,42,47,47,47,47,47
GET,/get_data/448,26,0,8,17.089643961508745,3.2206199998654483,83.03074800005561,122.0,0.021656095684140456,0.0,9,12,13,16,60,61,83,83,83,83,83
GET,/get_data/449,42,0,8,8.691446476210071,2.736185000230762,22.073359999922104,124.47619047619048,0.03498292379745766,0.0,8,10,10,12,15,17,22,22,22,22,22
GET,/get_data/45,149,0,6,8.628275738229243,3.2042400000591442,79.91004499990595,121.64429530201342,0.12410608680526646,0.0,6,8,8,9,13,20,45,63,80,80,80
GET,/get_data/450,32,0,7,10.079112468801554,2.6086379998560005,52.66723200020351,123.25,0.026653656226634407,0.0,7,10,11,11,15,33,53,53,53,53,53
GET,/get_data/451,23,0,9,13.97774586951567,2.510402000098111,51.69759199998225,125.95652173913044,0.01915731541289348,0.0,9,13,15,16,40,48,52,52,52,52,52
GET,/get_data/452,26,0,7,12.565108769247392,4.506817999754276,60.58215300026859,124.0,0.021656095684140456,0.0,7,11,13,13,31,44,61,61,61,61,61
GET,/get_data/453,26,0,6,7.819516576896254,3.0762119999963033,19.97413899971434,124.5,0.021656095684140456,0.0,6,8,8,10,14,19,20,20,20,20,20
GET,/get_data/454,22,0,7,7.595715454540781,2.8763390000676736,14.76285699982327,124.95454545454545,0.018324388655811156,0.0,8,9,10,10,12,13,15,15,15,15,15
GET,/get_data/455,26,0,6,8.715984000026275,2.6824440001291805,33.780783000111114,121.5,0.021656095684140456,0.0,6,8,11,12,18,19,34,34,34,34,34
GET,/get_data/456,29,0,8,9.322095379283038,3.691626000090764,17.924773000231653,125.48275862068965,0.02415487595538743,0.0,8,11,12,14,17,18,18,18,18,18,18
GET,/get_data/457,33,0,7,8.653582303051019,3.3809670003392966,21.721988000081183,122.57575757575758,0.027486582983716732,0.0,7,9,11,12,14,16,22,22,22,22,22
GET,/get_data/458,16,0,7,9.237925312476136,4.735872000310337,21.94312000028731,126.0625,0.013326828113317203,0.0,7,8,13,13,20,22,22,22,22,22,22
GET,/get_data/459,30,0,9,12.93401366665421,2.4061849999270635,40.103132000240294,125.03333333333333,0.024987802712469757,0.0,9,12,14,19,37,38,40,40,40,40,40
GET,/get_data/46,141,0,6,7.891692056742897,2.8336179998404987,86.68257999988782,122.76595744680851,0.11744267274860785,0.0,6,7,8,9,12,16,26,43,87,87,87
GET,/get_data/460,27,0,6,8.589683555581157,3.5918130001846293,32.800573999793414,124.4074074074074,0.02248902244122278,0.0,6,7,9,11,17,20,33,33,33,33,33
GET,/get_data/461,19,0,8,10.496526684260301,4.022462000193627,50.31037800017657,123.36842105263158,0.01582560838456418,0.0,8,8,9,11,25,50,50,50,50,50,50
GET,/get_data/462,23,0,8,9.9481698260641,2.7743859996007814,52.91040699967198,123.82608695652173,0.01915731541289348,0.0,8,10,10,11,13,15,53,53,53,53,53
GET,/get_data/463,22,0,7,10.53724236370809,3.8904949997231597,38.33727299979728,124.36363636363636,0.018324388655811156,0.0,7,9,15,17,18,25,38,38,38,38,38
GET,/get_data/464,19,0,9,12.391544210530762,4.0727310001784645,58.08439900010853,123.36842105263158,0.01582560838456418,0.0,9,11,14,16,25,58,58,58,58,58,58
GET,/get_data/465,20,0,7,9.06617810003354,3.931216000182758,29.737973000010243,124.25,0.016658535141646506,0.0,7,9,11,11,20,30,30,30,30,30,30
GET,/get_data/466,20,0,8,11.780403799934902,3.436383999996906,41.158315999837214,124.55,0.016658535141646506,0.0,9,11,14,14,35,41,41,41,41,41,41
GET,/get_data/467,23,0,7,14.018336521728443,2.6187710000158404,101.34947000005923,123.82608695652173,0.01915731541289348,0.0,7,11,12,19,25,34,100,100,100,100,100
GET,/get_data/468,18,0,7,7.676585777769812,3.0790040000283625,15.114098000140075,125.61111111111111,0.014992681627481854,0.0,7,9,9,10,12,15,15,15,15,15,15
GET,/get_data/469,19,0,6,8.991514263183682,2.7644909996524802,46.86572899981911,125.42105263157895,0.01582560838456418,0.0,6,7,8,10,21,47,47,47,47,47,47
GET,/get_data/47,147,0,6,7.177706333318291,2.7084019998255826,60.02932699993835,122.3061224489796,0.1224402332911018,0.0,6,7,7,8,10,14,34,40,60,60,60
GET,/get_data/470,16,0,8,9.38278793753966,3.1025660000523203,30.35828300016874,128.6875,0.013326828113317203,0.0,8,10,11,11,15,30,30,30,30,30,30
GET,/get_data/471,16,0,7,15.033769625006244,3.0371659995580558,70.33885100008774,124.4375,0.013326828113317203,0.0,7,9,13,13,62,70,70,70,70,70,70
GET,/get_data/472,21,0,7,9.796801428624999,4.311781000069459,24.97619099995063,122.61904761904762,0.01749146189872883,0.0,7,11,12,12,17,23,25,25,25,25,25
GET,/get_data/473,16,0,6,12.466060999969386,3.63348099972427,56.51891400020759,125.0625,0.013326828113317203,0.0,7,9,13,13,46,57,57,57,57,57,57
GET,/get_data/474,23,0,8,11.950159652156879,2.8081190002922085,49.582075999751396,123.1304347826087,0.01915731541289348,0.0,8,10,13,16,20,48,50,50,50,50,50
GET,/get_data/475,22,0,9,10.25124963625372,2.44766499963589,25.822099999913917,123.36363636363636,0.018324388655811156,0.0,10,12,12,12,19,25,26,26,26,26,26
GET,/get_data/476,17,0,9,11.094528176513181,4.967172999840841,30.288556999948923,123.29411764705883,0.014159754870399529,0.0,9,11,13,14,24,30,30,30,30,30,30
GET,/get_data/477,18,0,7,9.349454555503042,4.615153000031569,21.03622100003122,122.44444444444444,0.014992681627481854,0.0,7,9,12,13,20,21,21,21,21,21,21
GET,/get_data/478,15,0,6,8.750381666595786,3.028765999715688,30.11259999993854,124.6,0.012493901356234878,0.0,6,7,11,14,20,30,30,30,30,30,30
GET,/get_data/479,18,0,8,10.661319777808684,3.3535349998601305,39.26167700001315,124.61111111111111,0.014992681627481854,0.0,8,10,10,12,21,39,39,39,39,39,39
GET,/get_data/48,138,0,6,8.05268289855945,2.8503079997790337,49.38960300023609,121.69565217391305,0.11494389247736088,0.0,6,7,9,10,13,19,28,40,49,49,49
GET,/get_data/480,20,0,6,6.401856499951464,2.496211999641673,11.130652999781887,126.85,0.016658535141646506,0.0,6,8,8,8,10,11,11,11,11,11,11
GET,/get_data/481,17,0,8,9.947478764736255,3.54696900012641,45.9316689998559,126.3529411764706,0.014159754870399529,0.0,8,9,10,12,17,46,46,46,46,46,46
GET,/get_data/482,10,0,9,16.300332400078332,3.4361779999017017,52.43304000032367,124.6,0.008329267570823253,0.0,10,11,14,47,52,52,52,52,52,52,52
GET,/get_data/483,17,0,7,8.304025058885813,2.9777609997836407,22.895021000294946,124.29411764705883,0.014159754870399529,0.0,7,8,10,12,15,23,23,23,23,23,23
GET,/get_data/484,15,0,7,7.367963933332551,4.050241999721038,13.159579999864945,126.2,0.012493901356234878,0.0,7,8,9,9,9,13,13,13,13,13,13
GET,/get_data/485,16,0,6,7.165232687526668,3.9565150000271387,15.095519000169588,125.25,0.013326828113317203,0.0,6,8,10,10,13,15,15,15,15,15,15
GET,/get_data/486,12,0,7,8.699673166537044,3.4328379997532465,15.797072999703232,125.16666666666667,0.009995121084987903,0.0,9,9,13,13,15,16,16,16,16,16,16
GET,/get_data/487,22,0,6,8.191390681821014,2.730631000304129,22.10399600016899,125.13636363636364,0.018324388655811156,0.0,6,7,9,11,17,19,22,22,22,22,22
GET,/get_data/488,19,0,10,15.077716578903882,2.7719219997379696,53.18478699973639,126.10526315789474,0.01582560838456418,0.0,10,12,15,19,48,53,53,53,53,53,53
GET,/get_data/489,13,0,8,9.54677000002518,4.528758000105881,16.58876000010423,127.0,0.010828047842070228,0.0,8,11,14,15,15,17,17,17,17,17,17
GET,/get_data/49,132,0,6,8.31839686363041,2.9471460002241656,104.91318599997612,124.0,0.10994633193486693,0.0,6,7,8,9,12,20,28,36,100,100,100
GET,/get_data/490,16,0,7,10.362226187453416,3.140516999792453,61.924359000386175,128.5,0.013326828113317203,0.0,7,8,10,10,15,62,62,62,62,62,62
GET,/get_data/491,14,0,8,9.22672592865378,4.237110000303801,17.826438000156486,122.92857142857143,0.011660974599152553,0.0,8,9,11,14,15,18,18,18,18,18,18
GET,/get_data/492,11,0,7,10.27431618182494,2.800458999900002,29.443969000112702,124.54545454545455,0.009162194327905578,0.0,7,11,11,11,20,29,29,29,29,29,29
GET,/get_data/493,8,0,7,7.907084874943848,3.858308999951987,13.013011000111874,123.625,0.006663414056658602,0.0,8,8,11,11,13,13,13,13,13,13,13
GET,/get_data/494,13,0,7,12.697059307741325,5.789370000002236,36.71213000006901,126.0,0.010828047842070228,0.0,7,7,12,20,35,37,37,37,37,37,37
GET,/get_data/495,12,0,7,9.202946499954123,2.594103999854269,25.647495000157505,125.25,0.009995121084987903,0.0,8,8,14,14,17,26,26,26,26,26,26
GET,/get_data/496,7,0,6,5.762873142884928,3.01975999991555,9.207520000018121,126.71428571428571,0.005830487299576277,0.0,6,8,8,8,9,9,9,9,9,9,9
GET,/get_data/497,14,0,9,19.012672428581418,4.477340999983426,75.25344699979541,127.57142857142857,0.011660974599152553,0.0,12,18,22,31,41,75,75,75,75,75,75
GET,/get_data/498,10,0,5,7.03437580004902,3.521011999964685,16.360761000214552,127.5,0.008329267570823253,0.0,6,8,9,9,16,16,16,16,16,16,16
GET,/get_data/499,11,0,8,11.3315570000106,5.2935849998902995,30.950179000228673,127.9090909090909,0.009162194327905578,0.0,8,10,17,17,18,31,31,31,31,31,31
GET,/get_data/5,154,0,6,8.362712623340498,2.6366949998646305,85.97759199983557,122.92857142857143,0.1282707205906781,0.0,6,7,8,8,14,21,29,52,86,86,86
GET,/get_data/50,157,0,6,7.397846146508886,2.897500000017317,36.908844000208774,121.68789808917198,0.13076950086192507,0.0,6,7,7,9,11,16,26,35,37,37,37
GET,/get_data/500,11,0,7,10.50242800006758,3.7500650000765745,30.120637999971223,126.72727272727273,0.009162194327905578,0.0,7,7,18,18,20,30,30,30,30,30,30
GET,/get_data/501,8,0,7,8.970350499964752,3.542507000020123,18.30961899986505,125.875,0.006663414056658602,0.0,10,11,12,12,18,18,18,18,18,18,18
GET,/get_data/502,10,0,8,12.601780399972995,3.512131999741541,31.05296100011401,132.4,0.008329267570823253,0.0,8,12,16,27,31,31,31,31,31,31,31
GET,/get_data/503,9,0,8,8.095374000024297,3.8922110002204136,14.68338099994071,128.22222222222223,0.007496340813740927,0.0,8,10,11,11,15,15,15,15,15,15,15
GET,/get_data/504,6,0,12,17.51651366650246,2.756254999894736,42.90772900003503,122.0,0.0049975605424939515,0.0,15,15,24,24,43,43,43,43,43,43,43
GET,/get_data/505,6,0,5,5.811901833264225,4.075765999914438,9.91673799990167,124.16666666666667,0.0049975605424939515,0.0,5,5,6,6,10,10,10,10,10,10,10
GET,/get_data/506,7,0,5,5.088981142957242,2.944021000075736,8.058467999944696,129.42857142857142,0.005830487299576277,0.0,5,6,7,7,8,8,8,8,8,8,8
GET,/get_data/507,11,0,7,7.907693545596637,2.9903510003350675,24.165571000139607,126.9090909090909,0.009162194327905578,0.0,7,9,10,10,14,24,24,24,24,24,24
GET,/get_data/508,16,0,6,7.106964500081858,3.5806460000458173,14.618008000070404,130.3125,0.013326828113317203,0.0,6,8,9,9,11,15,15,15,15,15,15
GET,/get_data/509,5,0,10,8.548396399964986,3.5879749998457555,11.551425000106974,132.4,0.004164633785411626,0.0,10,10,10,12,12,12,12,12,12,12,12
GET,/get_data/51,138,0,6,6.957189079729608,2.72624299987001,24.410508000073605,119.95652173913044,0.11494389247736088,0.0,6,7,8,9,12,15,17,20,24,24,24
GET,/get_data/510,3,0,22,20.134347333472153,7.231136999962473,31.169085000328778,134.0,0.0024987802712469758,0.0,22,22,31,31,31,31,31,31,31,31,31
GET,/get_data/511,4,0,7,6.976412750077543,6.281954000314727,8.30964499982656,124.25,0.003331707028329301,0.0,7,7,8,8,8,8,8,8,8,8,8
GET,/get_data/512,3,0,7,10.578727000089808,4.662499999994907,19.693748999998206,134.0,0.0024987802712469758,0.0,7,7,20,20,20,20,20,20,20,20,20
GET,/get_data/513,5,0,5,5.600412799867627,2.6728839998213516,8.970852999937051,131.4,0.004164633785411626,0.0,5,6,6,9,9,9,9,9,9,9,9
GET,/get_data/514,3,0,5,5.264000333227159,4.834182000195142,5.676984999809065,130.66666666666666,0.0024987802712469758,0.0,5,5,6,6,6,6,6,6,6,6,6
GET,/get_data/515,4,0,8,8.033509999904709,7.019927999863285,9.436061000087648,131.75,0.003331707028329301,0.0,8,8,9,9,9,9,9,9,9,9,9
GET,/get_data/516,3,0,4,4.275459999917075,3.6919529998158396,4.881060000116122,124.33333333333333,0.0024987802712469758,0.0,4,4,5,5,5,5,5,5,5,5,5
GET,/get_data/517,6,0,8,9.605105999980879,3.469003999725828,15.52842099999907,135.0,0.0049975605424939515,0.0,11,11,12,12,16,16,16,16,16,16,16
GET,/get_data/518,5,0,6,27.97320440004114,3.954611000153818,119.01303400009056,135.0,0.004164633785411626,0.0,6,7,7,120,120,120,120,120,120,120,120
GET,/get_data/519,6,0,5,6.007032333248692,4.254916999798297,9.659931999976834,134.0,0.0049975605424939515,0.0,6,6,7,7,10,10,10,10,10,10,10
GET,/get_data/52,138,0,6,7.30458595651963,3.013323000004675,40.30448499997874,122.21739130434783,0.11494389247736088,0.0,6,7,8,8,11,13,21,37,40,40,40
GET,/get_data/520,4,0,4,6.545208250031465,2.927862999968056,13.848590000179684,135.0,0.003331707028329301,0.0,5,5,14,14,14,14,14,14,14,14,14
GET,/get_data/524,1,0,6.994256000325549,6.994256000325549,6.994256000325549,6.994256000325549,136.0,0.0008329267570823252,0.0,7,7,7,7,7,7,7,7,7,7,7
GET,/get_data/525,1,0,5.257167999843659,5.257167999843659,5.257167999843659,5.257167999843659,135.0,0.0008329267570823252,0.0,5,5,5,5,5,5,5,5,5,5,5
GET,/get_data/526,2,0,5.21401900005003,5.791183000155797,5.21401900005003,6.368347000261565,135.0,0.0016658535141646504,0.0,6,6,6,6,6,6,6,6,6,6,6
GET,/get_data/527,1,0,8.81176199982292,8.81176199982292,8.81176199982292,8.81176199982292,134.0,0.0008329267570823252,0.0,9,9,9,9,9,9,9,9,9,9,9
GET,/get_data/528,1,0,6.079077999856963,6.079077999856963,6.079077999856963,6.079077999856963,135.0,0.0008329267570823252,0.0,6,6,6,6,6,6,6,6,6,6,6
GET,/get_data/529,2,0,6,6.005367999932787,5.7435049998275645,6.267231000038009,133.0,0.0016658535141646504,0.0,6,6,6,6,6,6,6,6,6,6,6
GET,/get_data/53,132,0,6,7.629073113624448,2.916181999808032,61.18232800008627,122.63636363636364,0.10994633193486693,0.0,6,7,8,9,11,18,23,47,61,61,61
GET,/get_data/530,1,0,4.259220999756508,4.259220999756508,4.259220999756508,4.259220999756508,136.0,0.0008329267570823252,0.0,4,4,4,4,4,4,4,4,4,4,4
GET,/get_data/54,144,0,6,7.49898225695252,2.7410370003053686,46.53099999995902,124.25,0.11994145301985483,0.0,6,7,8,9,10,14,37,45,47,47,47
GET,/get_data/55,138,0,6,7.452518731883095,2.571109999962573,42.78044900001987,122.1304347826087,0.11494389247736088,0.0,6,7,8,10,11,13,32,35,43,43,43
GET,/get_data/56,134,0,6,7.033349395516861,3.1098969998311077,35.278254999866476,121.71641791044776,0.11161218544903158,0.0,6,7,8,8,10,14,19,19,35,35,35
GET,/get_data/57,135,0,6,7.578123288887447,2.485590999640408,29.355376999774307,122.68888888888888,0.1124451122061139,0.0,6,7,9,9,13,20,26,27,29,29,29
GET,/get_data/58,148,0,6,7.640767966188685,2.88852899984704,48.750325000128214,120.89189189189189,0.12327316004818413,0.0,6,7,8,9,11,13,27,44,49,49,49
GET,/get_data/59,127,0,6,8.062832551184858,2.498027000001457,52.60379100036516,120.75590551181102,0.1057816981494553,0.0,6,7,9,9,12,17,34,35,53,53,53
GET,/get_data/6,141,0,6,6.840321978728727,2.8955289999430533,30.351396999776625,120.78014184397163,0.11744267274860785,0.0,6,7,7,8,10,13,22,25,30,30,30
GET,/get_data/60,136,0,6,9.07813858086951,2.5800560001698614,70.57352799984073,122.97058823529412,0.11327803896319623,0.0,6,7,8,9,16,25,51,63,71,71,71
GET,/get_data/61,147,0,6,8.936141272093343,2.8620529999443534,60.73700299975826,121.65306122448979,0.1224402332911018,0.0,6,8,9,9,14,30,50,55,61,61,61
GET,/get_data/62,136,0,6,8.014897970575836,2.569744000084029,36.19569700003922,122.44117647058823,0.11327803896319623,0.0,6,7,8,8,15,20,27,36,36,36,36
GET,/get_data/63,131,0,6,7.561913832083894,2.899796000292554,60.90655199977846,121.82442748091603,0.1091134051777846,0.0,6,7,8,9,11,17,22,45,61,61,61
GET,/get_data/64,139,0,6,8.100519438871514,2.8188769997541385,84.56777499986856,123.20863309352518,0.1157768192344432,0.0,6,7,8,8,12,17,51,52,85,85,85
GET,/get_data/65,133,0,6,8.369807887206628,2.5612330000512884,63.67652700009785,120.63157894736842,0.11077925869194925,0.0,6,7,8,9,13,23,36,63,64,64,64
GET,/get_data/66,144,0,6,8.708572402781556,2.224026000021695,41.97717200031548,123.16666666666667,0.11994145301985483,0.0,6,8,10,11,16,20,33,34,42,42,42
GET,/get_data/67,132,0,6,7.0930744318089145,2.3946869996507303,38.412797000091814,123.18181818181819,0.10994633193486693,0.0,6,7,7,8,11,15,20,36,38,38,38
GET,/get_data/68,124,0,6,8.215012725801692,2.6730489998954,67.73082700010491,122.7741935483871,0.10328291787820833,0.0,6,7,9,9,12,17,40,46,68,68,68
GET,/get_data/69,126,0,6,7.546145087301753,2.912346999892179,62.229660999946645,122.04761904761905,0.10494877139237298,0.0,6,7,8,9,10,15,32,43,62,62,62
GET,/get_data/7,140,0,6,7.644684950003011,2.9442290001497895,55.694837999908486,121.78571428571429,0.11660974599152553,0.0,6,7,8,9,13,15,24,49,56,56,56
GET,/get_data/70,146,0,6,7.64223757535123,2.911112999981924,50.7420959997944,122.9041095890411,0.12160730653401948,0.0,6,7,8,9,11,13,22,46,51,51,51
GET,/get_data/71,134,0,6,7.445235350745413,2.966736999951536,71.34103499993216,121.80597014925372,0.11161218544903158,0.0,6,7,8,8,11,14,25,28,71,71,71
GET,/get_data/72,129,0,6,8.20600172868785,3.115800999921703,54.79833600020356,121.20930232558139,0.10744755166361995,0.0,6,7,8,10,12,19,48,49,55,55,55
GET,/get_data/73,128,0,6,8.418240445335456,2.9132869999557442,60.049610000078246,122.84375,0.10661462490653763,0.0,6,7,8,9,13,18,38,47,60,60,60
GET,/get_data/74,131,0,6,7.501057297734662,2.655668000215883,43.55132999990019,121.73282442748092,0.1091134051777846,0.0,6,7,8,8,11,17,27,32,44,44,44
GET,/get_data/75,132,0,6,8.528074045429864,3.175756000018737,85.30768300033742,122.54545454545455,0.10994633193486693,0.0,6,8,9,9,13,17,43,50,85,85,85
GET,/get_data/76,152,0,6,7.6377585920921005,3.142234999813809,38.787655999840354,122.78947368421052,0.12660486707651344,0.0,6,7,9,9,12,16,23,39,39,39,39
GET,/get_data/77,144,0,6,7.73782924999485,2.7712349997273122,56.58815400011008,123.0,0.11994145301985483,0.0,6,7,9,10,12,14,27,37,57,57,57
GET,/get_data/78,123,0,6,9.225634040670384,2.3951909997776966,63.215139000021736,121.48780487804878,0.102449991121126,0.0,6,8,9,10,15,26,45,46,63,63,63
GET,/get_data/79,139,0,6,7.781789266192332,2.8229999998075073,48.36823899995579,121.77697841726619,0.1157768192344432,0.0,6,8,9,9,11,19,27,41,48,48,48
GET,/get_data/8,142,0,6,7.161023288741925,2.8114279998590064,31.087651000234473,121.85211267605634,0.11827559950569018,0.0,6,7,8,9,12,14,19,22,31,31,31
GET,/get_data/80,118,0,6,8.799813432225642,2.6951509998980328,80.16396300035922,122.61016949152543,0.09828535733571438,0.0,7,7,8,9,13,20,35,72,80,80,80
GET,/get_data/81,126,0,6,7.9035388492081715,2.321432999906392,51.82344100012415,123.85714285714286,0.10494877139237298,0.0,6,8,9,9,12,14,34,45,52,52,52
GET,/get_data/82,138,0,6,7.356880963750855,2.5940630002878606,29.336569999941275,121.69565217391305,0.11494389247736088,0.0,6,7,8,9,13,15,21,24,29,29,29
GET,/get_data/83,136,0,6,7.63313822058281,2.998204000050464,48.71794300015608,121.26470588235294,0.11327803896319623,0.0,6,7,8,9,12,15,22,40,49,49,49
GET,/get_data/84,149,0,6,7.020155604031543,2.7862459996867983,37.60049600032289,123.20805369127517,0.12410608680526646,0.0,6,7,8,8,12,14,19,23,38,38,38
GET,/get_data/85,131,0,6,8.973262022882826,2.992563999896447,45.154918000207545,121.54961832061069,0.1091134051777846,0.0,6,7,9,10,16,29,40,41,45,45,45
GET,/get_data/86,119,0,6,7.491993571430161,3.3096700001351564,28.716510999856837,121.60504201680672,0.0991182840927967,0.0,6,7,9,10,13,16,24,25,29,29,29
GET,/get_data/87,113,0,6,7.484659769893088,3.5074320003332105,37.374727000042185,120.42477876106194,0.09412072355030275,0.0,6,8,8,9,11,14,16,33,37,37,37
GET,/get_data/88,132,0,6,8.035182575759226,2.695888999824092,36.88551400000506,122.54545454545455,0.10994633193486693,0.0,6,7,9,9,12,23,31,32,37,37,37
GET,/get_data/89,142,0,6,7.783432000006145,2.702868000142189,58.57924900010403,121.4225352112676,0.11827559950569018,0.0,6,8,9,9,13,15,30,32,59,59,59
GET,/get_data/9,147,0,7,9.44668357823391,3.1644900000173948,73.05080599962821,122.34693877551021,0.1224402332911018,0.0,7,8,9,10,16,29,50,54,73,73,73
GET,/get_data/90,139,0,6,7.301528496422467,2.95640199965419,38.060935999965295,121.69064748201438,0.1157768192344432,0.0,6,7,8,9,12,14,23,23,38,38,38
GET,/get_data/91,128,0,6,8.200734171861512,2.7885680001418223,45.79183000032572,120.09375,0.10661462490653763,0.0,6,7,9,10,12,23,30,46,46,46,46
GET,/get_data/92,123,0,7,8.248657349614456,3.1017740002425853,43.91898099993341,121.29268292682927,0.102449991121126,0.0,7,9,9,10,13,15,30,38,44,44,44
GET,/get_data/93,133,0,6,8.937612090255783,3.6434749999898486,83.52452500002983,121.09022556390977,0.11077925869194925,0.0,6,7,9,9,12,24,51,57,84,84,84
GET,/get_data/94,141,0,6,7.625607028366182,2.947725000012724,43.51292100000137,121.42553191489361,0.11744267274860785,0.0,6,7,8,9,12,18,35,36,44,44,44
GET,/get_data/95,134,0,6,6.977382253731816,2.8067379998901743,27.886095000212663,121.53731343283582,0.11161218544903158,0.0,6,7,8,8,11,12,20,23,28,28,28
GET,/get_data/96,116,0,6,8.639883086212603,2.839060000042082,66.76753500005361,122.41379310344827,0.09661950382154973,0.0,6,7,8,9,13,24,46,49,67,67,67
GET,/get_data/97,131,0,7,8.912073992367382,2.8453269999317854,99.33184200008327,122.45801526717557,0.1091134051777846,0.0,7,7,9,10,14,21,46,53,99,99,99
GET,/get_data/98,122,0,6,7.2944584344440955,2.4425079996035493,34.882670999650145,122.29508196721312,0.10161706436404368,0.0,6,7,8,8,11,13,17,18,35,35,35
GET,/get_data/99,141,0,6,7.487101695037801,2.432674999909068,39.75508699977581,123.25531914893617,0.11744267274860785,0.0,6,7,8,9,12,15,21,22,40,40,40
,Aggregated,43637,0,6,8.482988624332215,2.084405000005063,121.6937730000609,122.14434997822949,36.34642489880142,0.0,6,8,9,10,13,19,33,45,78,100,120
